race,state,municipality,locality,altitude,precipitation,temperature,grain_color ,rows_ear,average_length,altitude_cat,temperature_cat,precipitation_cat
maíz raza olotillo,Hidalgo,Atlapexco,Tenexco II,206,1384,24,['orange-yellow'],9.2,16.12,low,semi-warm,very abundant
maíz raza olotillo,Puebla,Zapotitlan de Mendez,Cerca de Nanacatlán,920,2415,20,['creamy white'],10.4,17.02,low,temperate,very abundant
maíz raza olotillo,Puebla,Zapotitlan de Mendez,Cerca de Nanacatlán,920,2415,20,,,,low,temperate,very abundant
maíz raza olotillo,Puebla,Zapotitlan de Mendez,Cerca de Nanacatlán,920,2415,20,"['blue', 'dark blue']",11.2,16.46,low,temperate,very abundant
maíz raza olotillo,Puebla,Zapotitlan de Mendez,Cerca de Nanacatlán,920,2415,20,['dark blue'],10.4,17.44,low,temperate,very abundant
maíz raza olotillo,Veracruz de Ignacio de la Llave,Benito Juarez,Cerca de el Paraje,287,1384,23,['creamy white'],9.4,17.64,low,semi-warm,very abundant
maíz raza olotillo,Veracruz de Ignacio de la Llave,Benito Juarez,Cerca de el Paraje,287,1384,23,"['creamy white', 'light yellow', 'medium yellow', 'orange-yellow']",9.8,16.15,low,semi-warm,very abundant
maíz raza olotillo,Oaxaca,San Bartolome Loxicha,El Tamarindo,723,1026,23,['light yellow'],9.4,16.265,low,semi-warm,abundant
maíz raza olotillo,Nuevo Leon,General Teran,Ejido la Purísima,339,705,22,['creamy white'],12.32,15.224,low,semi-warm,intermediate
maíz raza olotillo,Veracruz de Ignacio de la Llave,San Andres Tuxtla,"Cuesta Amarilla, Carretera el Salto-Abrevadero",103,1514,25,"['medium yellow', 'orange']",10.2,15.74,low,semi-warm,very abundant
maíz raza olotillo,Chiapas,Tuxtla Gutierrez,Tuxtla Gutierrez,534,970,25,"['white', 'light yellow']",,,low,hot,abundant
maíz raza olotillo,Chiapas,Tuxtla Gutierrez,Tuxtla Gutierrez,534,970,25,['light yellow'],8,15.2,low,hot,abundant
maíz raza olotillo,Oaxaca,Candelaria Loxicha,Miramar,784,1039,23,"['white', 'light yellow']",10.2,21.02,low,semi-warm,abundant
maíz raza olotillo,Oaxaca,Candelaria Loxicha,Miramar,784,1039,23,['creamy white'],10.75,17.04,low,semi-warm,abundant
maíz raza olotillo,Oaxaca,Candelaria Loxicha,El Cimiento,784,1039,23,"['creamy white', 'medium yellow']",11.4,17.34,low,semi-warm,abundant
maíz raza olotillo,Oaxaca,Candelaria Loxicha,Miramar,784,1039,23,['creamy white'],10.1,19.745,low,semi-warm,abundant
maíz raza olotillo,Hidalgo,Huejutla de Reyes,Rancho Viejo,150,1343,24,"['yellow', 'red-orange', 'white']",10,17,low,semi-warm,abundant
maíz raza olotillo,Hidalgo,Huejutla de Reyes,Rancho Viejo,150,1343,24,"['yellow', 'red-orange', 'orange-yellow']",9.2,18.2,low,semi-warm,abundant
maíz raza olotillo,Oaxaca,Santa Maria Tonameca,"La Florida, al Interior de Terreno Comunal, a 8 Km de Santa María Tonameca",33,1055,26,"['white', 'light yellow', 'dark blue']",11,15.5,low,hot,abundant
maíz raza olotillo,Veracruz de Ignacio de la Llave,Amatlan de los Reyes,Amatlan,736,1829,22,"['white', 'red']",10,13.6,low,semi-warm,very abundant
maíz raza olotillo,Veracruz de Ignacio de la Llave,San Andres Tuxtla,"Los Naranjos, Carretera San Andrés-los Naranjos",58,1426,25,['creamy white'],11.6,16.7,low,hot,very abundant
maíz raza olotillo,Chiapas,Teopisca,Beníto Juárez,2190,1215,15,['white'],,,high,cold,abundant
maíz raza olotillo,Chiapas,Teopisca,Beníto Juárez,2190,1215,15,['white'],,,high,cold,abundant
maíz raza olotillo,Chiapas,Teopisca,Beníto Juárez,2190,1215,15,['light yellow'],,,high,cold,abundant
maíz raza olotillo,Chiapas,Teopisca,Beníto Juárez,2190,1215,15,['light yellow'],,,high,cold,abundant
maíz raza olotillo,Chiapas,Teopisca,Beníto Juárez,2190,1215,15,['white'],,,high,cold,abundant
maíz raza olotillo,Chiapas,Teopisca,Beníto Juárez,2190,1215,15,['light yellow'],,,high,cold,abundant
maíz raza olotillo,Oaxaca,Candelaria Loxicha,Barrio Valencia,339,1084,25,,9.05263157894737,16.3578947368421,low,semi-warm,abundant
maíz raza olotillo,Guerrero,Ometepec,Cerca de Huixtepec (al NNW de la Localidad),391,1417,26,,,,low,hot,very abundant
maíz raza olotillo,Chiapas,Frontera Comalapa,Nicolás Bravo,735,1346,24,['white'],,,low,semi-warm,abundant
maíz raza olotillo,Guerrero,Atoyac de Alvarez,Santiago de la Unión,808,1582,23,['creamy white'],12.8,17.52,low,semi-warm,very abundant
maíz raza olotillo,Oaxaca,Santa Catarina Loxicha,La Nueva Esperanza,900,909,23,,11.9,18.285,low,semi-warm,abundant
maíz raza olotillo,Chiapas,Suchiapa,Cerca de Pacú,462,993,26,"['medium yellow', 'orange-yellow']",9,18.69,low,hot,abundant
maíz raza olotillo,Oaxaca,San Bartolome Loxicha,Vista al Mar,1151,1007,22,['creamy white'],9.6,15.44,low,semi-warm,abundant
maíz raza olotillo,Chiapas,Comitan de Dominguez,Volantón 8 Km Comitán,1908,1165,17,['light yellow'],,,high,cold,abundant
maíz raza olotillo,Veracruz de Ignacio de la Llave,Chicontepec,"Cerca de Chalahuiapa, en el Ejido de Chalahuayapan",230,1339,23,['creamy white'],9.6,18.01,low,semi-warm,abundant
maíz raza olotillo,Guerrero,Coyuca de Benitez,El Encino Prieto,359,1162,26,['creamy white'],13.2,16.8,low,hot,abundant
maíz raza olotillo,Quintana Roo,Jose Maria Morelos,Ejido Piedras Negras,116,1121,25,['white'],10,14.8,low,semi-warm,abundant
maíz raza olotillo,Veracruz de Ignacio de la Llave,San Andres Tuxtla,"La Redonda, Carretera Tilapan-Río Tuxpan",61,1391,25,['creamy white'],9.8,13.34,low,hot,very abundant
maíz raza olotillo,Guerrero,Malinaltepec,Rancho Viejo,1069,1893,23,['creamy white'],10.8,16.7,low,semi-warm,very abundant
maíz raza olotillo,Guerrero,Malinaltepec,Rancho Viejo,1069,1893,23,['medium yellow'],12.4,15.8,low,semi-warm,very abundant
maíz raza olotillo,Hidalgo,Metztitlan,Tlaxco,1701,527,17,['creamy white'],,,medium altitude,cold,low
maíz raza olotillo,Veracruz de Ignacio de la Llave,Catemaco,"La Candelaria, Carretera Catemaco-Juan Díaz Covarrubias",484,1730,23,['creamy white'],11,18.09,low,semi-warm,very abundant
maíz raza olotillo,Chiapas,Frontera Comalapa,Cerca de San Caralampio,585,1339,25,['white'],,,low,semi-warm,abundant
maíz raza olotillo,Oaxaca,Candelaria Loxicha,El Chilar,274,1097,25,['medium yellow'],9.68,15.024,low,hot,abundant
maíz raza olotillo,Chiapas,Angel Albino Corzo,Colonia Palestina,735,2133,24,"['white', 'light yellow']",11,15,low,semi-warm,very abundant
maíz raza olotillo,Chiapas,Angel Albino Corzo,Colonia Palestina,735,2133,24,"['white', 'light yellow']",12,15.1,low,semi-warm,very abundant
maíz raza olotillo,Nuevo Leon,Cadereyta Jimenez,Ejido la Nutria,328,736,22,"['white', 'creamy white']",13.1764705882353,16.8588235294118,low,semi-warm,intermediate
maíz raza olotillo,Nuevo Leon,Cadereyta Jimenez,Ejido Trancas y Alvarado,328,736,22,['creamy white'],12.08,16.944,low,semi-warm,intermediate
maíz raza olotillo,Nuevo Leon,Cadereyta Jimenez,Ejido Casas Viejas,328,736,22,['creamy white'],11.36,17.84,low,semi-warm,intermediate
maíz raza olotillo,Tabasco,Huimanguillo,"Cerca de Gustavo Díaz Ordaz Primera Sección, Subregión de la Chontalpa",112,2204,25,['creamy white'],10.9,17.55,low,hot,very abundant
maíz raza olotillo,Oaxaca,Candelaria Loxicha,El Chilar,310,1083,25,['white'],10.7368421052632,14.3684210526316,low,hot,abundant
maíz raza olotillo,Chiapas,Las Rosas,San Isidro la Cuchilla,1327,1334,21,['white'],,,medium altitude,temperate,abundant
maíz raza olotillo,Chiapas,Las Rosas,San Isidro la Cuchilla,1327,1334,21,['white'],,,medium altitude,temperate,abundant
maíz raza olotillo,Chiapas,Las Rosas,San Isidro la Cuchilla,1327,1334,21,['white'],,,medium altitude,temperate,abundant
maíz raza olotillo,Chiapas,Las Rosas,San Isidro la Cuchilla,1327,1334,21,['white'],,,medium altitude,temperate,abundant
maíz raza olotillo,Chiapas,Las Rosas,San Isidro la Cuchilla,1327,1334,21,['white'],,,medium altitude,temperate,abundant
maíz raza olotillo,Chiapas,Las Rosas,San Isidro la Cuchilla,1327,1334,21,,,,medium altitude,temperate,abundant
maíz raza olotillo,Chiapas,Las Rosas,San Isidro la Cuchilla,1327,1334,21,['white'],,,medium altitude,temperate,abundant
maíz raza olotillo,Chiapas,Las Rosas,San Isidro la Cuchilla,1327,1334,21,['white'],,,medium altitude,temperate,abundant
maíz raza olotillo,Chiapas,Las Rosas,San Isidro la Cuchilla,1327,1334,21,['white'],,,medium altitude,temperate,abundant
maíz raza olotillo,Chiapas,Las Rosas,San Isidro la Cuchilla,1327,1334,21,['white'],,,medium altitude,temperate,abundant
maíz raza olotillo,Chiapas,Las Rosas,San Isidro la Cuchilla,1327,1334,21,['white'],,,medium altitude,temperate,abundant
maíz raza olotillo,Chiapas,Las Rosas,San Isidro la Cuchilla,1327,1334,21,['white'],,,medium altitude,temperate,abundant
maíz raza olotillo,Chiapas,Las Rosas,San Isidro la Cuchilla,1327,1334,21,['light yellow'],,,medium altitude,temperate,abundant
maíz raza olotillo,Chiapas,Las Rosas,San Isidro la Cuchilla,1327,1334,21,['white'],,,medium altitude,temperate,abundant
maíz raza olotillo,Chiapas,Las Rosas,San Isidro la Cuchilla,1327,1334,21,['white'],,,medium altitude,temperate,abundant
maíz raza olotillo,Chiapas,Las Rosas,San Isidro la Cuchilla,1327,1334,21,['white'],,,medium altitude,temperate,abundant
maíz raza olotillo,Chiapas,Las Rosas,San Isidro la Cuchilla,1327,1334,21,['white'],,,medium altitude,temperate,abundant
maíz raza olotillo,Chiapas,Las Rosas,San Isidro la Cuchilla,1327,1334,21,['light yellow'],,,medium altitude,temperate,abundant
maíz raza olotillo,Chiapas,Las Rosas,San Isidro la Cuchilla,1327,1334,21,['light yellow'],,,medium altitude,temperate,abundant
maíz raza olotillo,Morelos,Ayala,El Vergel,928,763,24,['white'],10,16.14,low,semi-warm,intermediate
maíz raza olotillo,Morelos,Tlaquiltenango,Xicatlacotla,809,803,24,['white'],10.4,14.74,low,semi-warm,intermediate
maíz raza olotillo,Oaxaca,San Bartolome Loxicha,La Chinilla,652,1022,24,['white'],9.7,19.045,low,semi-warm,abundant
maíz raza olotillo,Oaxaca,Candelaria Loxicha,Barrio Coyote,126,1049,26,['white'],10.45,17.875,low,hot,abundant
maíz raza olotillo,Chiapas,Ocozocoautla de Espinosa,Ocuilapa de Juarez,948,1000,23,['light yellow'],10,17,low,semi-warm,abundant
maíz raza olotillo,Oaxaca,San Miguel Coatlan,Lindavista,1489,929,20,['white'],11.7,18.175,medium altitude,temperate,abundant
maíz raza olotillo,Guerrero,Tepecoacuilco de Trujano,Palula,666,733,26,['creamy white'],12,15.1,low,hot,intermediate
maíz raza olotillo,Veracruz de Ignacio de la Llave,Alpatlahuac,Alpatlahua,1854,1054,15,"['light yellow', 'red']",10,16.2,high,cold,abundant
maíz raza olotillo,Hidalgo,Jaltocan,La Ilusión,109,1484,24,['yellow'],10.8,14.8,low,semi-warm,very abundant
maíz raza olotillo,Hidalgo,Jaltocan,La Ilusión,109,1484,24,['yellow'],8,15,low,semi-warm,very abundant
maíz raza olotillo,Oaxaca,Candelaria Loxicha,Río Molino,751,1020,24,['white'],10.75,14.68,low,semi-warm,abundant
maíz raza olotillo,Veracruz de Ignacio de la Llave,Castillo de Teayo,El Xuchitl,137,1291,24,['creamy white'],11.4,21.33,low,semi-warm,abundant
maíz raza olotillo,Veracruz de Ignacio de la Llave,Castillo de Teayo,El Xuchitl,137,1291,24,['creamy white'],11.6,20.24,low,semi-warm,abundant
maíz raza olotillo,Veracruz de Ignacio de la Llave,Castillo de Teayo,El Xuchitl,137,1291,24,['creamy white'],11.6,20.9,low,semi-warm,abundant
maíz raza olotillo,Veracruz de Ignacio de la Llave,Castillo de Teayo,El Xuchitl,137,1291,24,['creamy white'],11.6,19.24,low,semi-warm,abundant
maíz raza olotillo,Veracruz de Ignacio de la Llave,Castillo de Teayo,El Xuchitl,137,1291,24,['creamy white'],11.4,16.45,low,semi-warm,abundant
maíz raza olotillo,Veracruz de Ignacio de la Llave,Castillo de Teayo,El Xuchitl,137,1291,24,['creamy white'],12.2,21.81,low,semi-warm,abundant
maíz raza olotillo,Hidalgo,Huazalingo,Santa María,516,1522,23,"['white', 'mottled', 'red-orange']",10,17.2,low,semi-warm,very abundant
maíz raza olotillo,Hidalgo,Huazalingo,Santa María,516,1522,23,"['yellow', 'orange-yellow', 'yellow', 'orange-yellow']",10,15.8,low,semi-warm,very abundant
maíz raza olotillo,Hidalgo,Huazalingo,Santa María,516,1522,23,"['white', 'white']",10,18.2,low,semi-warm,very abundant
maíz raza olotillo,Hidalgo,Huazalingo,Santa María,516,1522,23,"['yellow', 'orange-yellow', 'pure white', 'yellow', 'orange-yellow', 'pure white']",10.8,16.8,low,semi-warm,very abundant
maíz raza olotillo,Hidalgo,Huazalingo,Santa María,516,1522,23,"['yellow', 'orange-yellow', 'pure white', 'yellow', 'orange-yellow', 'pure white']",10,11.4,low,semi-warm,very abundant
maíz raza olotillo,Hidalgo,Huazalingo,Santa María,516,1522,23,"['yellow', 'red-orange', 'white', 'yellow', 'red-orange', 'white']",10,16.2,low,semi-warm,very abundant
maíz raza olotillo,Veracruz de Ignacio de la Llave,Jesus Carranza,"Vista Hermosa, Ejido Vista Hermosa",58,2526,25,"['creamy white', 'light yellow']",12,18.15,low,semi-warm,very abundant
maíz raza olotillo,San Luis Potosi,Huehuetlan,Tantocoy Uno,411,1500,23,"['white', 'yellow', 'blue']",10.8,21.8,low,semi-warm,very abundant
maíz raza olotillo,Oaxaca,Candelaria Loxicha,El Chilar,335,1097,25,['creamy white'],12,13.755,low,hot,abundant
maíz raza olotillo,Veracruz de Ignacio de la Llave,Chicontepec,Cerca de Sesaltitla,270,1323,23,['creamy white'],10.4,16.53,low,semi-warm,abundant
maíz raza olotillo,Chiapas,El Parral,Ejido el Parral,644,1143,24,"['light yellow', 'red']",9,20,low,semi-warm,abundant
maíz raza olotillo,Chiapas,El Parral,Ejido el Parral,644,1143,24,['white'],8,19,low,semi-warm,abundant
maíz raza olotillo,Chiapas,Soyalo,Colonia Francisco Sarabia,873,1111,23,['white'],10,22,low,semi-warm,abundant
maíz raza olotillo,Chiapas,Soyalo,Colonia Francisco Sarabia,873,1111,23,['white'],9,18.8,low,semi-warm,abundant
maíz raza olotillo,Chiapas,Totolapa,Totolapa,661,954,25,,,,low,semi-warm,abundant
maíz raza olotillo,Chiapas,Totolapa,Totolapa,661,954,25,,,,low,semi-warm,abundant
maíz raza olotillo,Chiapas,Ocozocoautla de Espinosa,Vicente Guerrero,875,972,23,['orange-yellow'],,,low,semi-warm,abundant
maíz raza olotillo,Oaxaca,San Baltazar Loxicha,Villa Tierra,847,930,23,,10.65,19.95,low,semi-warm,abundant
maíz raza olotillo,Veracruz de Ignacio de la Llave,Hueyapan de Ocampo,"Coyol de González, Carretera Hueyapan de Ocampo-Coyolito",55,1431,25,['creamy white'],12.2,18.62,low,hot,very abundant
maíz raza olotillo,Veracruz de Ignacio de la Llave,San Andres Tuxtla,"Tulapan, Carretera Salto de Eyipantla-Abrevadero",80,1432,25,['creamy white'],10.6,16.41,low,semi-warm,very abundant
maíz raza olotillo,Veracruz de Ignacio de la Llave,San Andres Tuxtla,"Tulapan, Carretera Salto de Eyipantla-Abrevadero",80,1432,25,"['orange-yellow', 'orange']",10.6,15.76,low,semi-warm,very abundant
maíz raza olotillo,Veracruz de Ignacio de la Llave,San Andres Tuxtla,"Tulapan, Carretera Salto de Eyipantla-Abrevadero",80,1432,25,['creamy white'],10.6,16.57,low,semi-warm,very abundant
maíz raza olotillo,Veracruz de Ignacio de la Llave,San Andres Tuxtla,"Santa Rosa Abata, Carretera San Andrés Tuxtla-Catemaco, Desviación Santa Rosa Abata",536,1782,23,['creamy white'],13,18.26,low,semi-warm,very abundant
maíz raza olotillo,Oaxaca,San Andres Huaxpaltepec,Rancho Viejo,226,1258,27,['white'],11,15.3,low,hot,abundant
maíz raza olotillo,Oaxaca,San Agustin Loxicha,Juquilita,1919,1098,17,"['creamy white', 'dark blue']",10.2,19.595,high,cold,abundant
maíz raza olotillo,Guanajuato,Atarjea,El Charco,1638,511,18,"['white', 'red', 'dark blue']",11.6,16.5,medium altitude,cold,low
maíz raza olotillo,Chiapas,El Bosque,El Bosque,1341,1381,20,['white'],10,16.5,medium altitude,temperate,very abundant
maíz raza olotillo,San Luis Potosi,Xilitla,Apetzco,876,1089,21,"['red', 'blue', 'white', 'red', 'blue', 'white']",10.4,16.2,low,temperate,abundant
maíz raza olotillo,San Luis Potosi,Xilitla,Apetzco,876,1089,21,"['white', 'red-orange']",12.4,18.8,low,temperate,abundant
maíz raza olotillo,Oaxaca,San Jeronimo Coatlan,San Cristóbal Honduras,1109,977,22,['white'],10,14.2,low,semi-warm,abundant
maíz raza olotillo,Oaxaca,San Jeronimo Coatlan,San Cristóbal Honduras,1109,977,22,['light yellow'],11,14.2,low,semi-warm,abundant
maíz raza olotillo,Oaxaca,San Jeronimo Coatlan,San Cristóbal Honduras,1109,977,22,['white'],11,13.1,low,semi-warm,abundant
maíz raza olotillo,Oaxaca,San Jeronimo Coatlan,San Cristóbal Honduras,1109,977,22,['white'],12,15.5,low,semi-warm,abundant
maíz raza olotillo,Oaxaca,San Jeronimo Coatlan,San Cristóbal Honduras,1109,977,22,"['white', 'light yellow']",12,15.6,low,semi-warm,abundant
maíz raza olotillo,Oaxaca,San Jeronimo Coatlan,San Cristóbal Honduras,1109,977,22,['white'],9,12.6,low,semi-warm,abundant
maíz raza olotillo,Oaxaca,San Jeronimo Coatlan,San Cristóbal Honduras,1109,977,22,['white'],8,15.9,low,semi-warm,abundant
maíz raza olotillo,Oaxaca,San Jeronimo Coatlan,San Cristóbal Honduras,1109,977,22,['white'],9,15.6,low,semi-warm,abundant
maíz raza olotillo,Oaxaca,San Jeronimo Coatlan,San Cristóbal Honduras,1109,977,22,['white'],11,14.3,low,semi-warm,abundant
maíz raza olotillo,Oaxaca,San Jeronimo Coatlan,San Cristóbal Honduras,1109,977,22,['light yellow'],11,18.1,low,semi-warm,abundant
maíz raza olotillo,Oaxaca,San Jeronimo Coatlan,San Cristóbal Honduras,1109,977,22,"['white', 'light yellow']",11,18.5,low,semi-warm,abundant
maíz raza olotillo,Oaxaca,San Jeronimo Coatlan,San Cristóbal Honduras,1109,977,22,"['white', 'black']",9,14.5,low,semi-warm,abundant
maíz raza olotillo,Oaxaca,San Felipe Usila,Arroyo Iguana,112,2057,24,['white'],,,low,semi-warm,very abundant
maíz raza olotillo,Veracruz de Ignacio de la Llave,Benito Juarez,Coachumo Común,319,1413,23,"['yellow', 'red-orange']",10,14,low,semi-warm,very abundant
maíz raza olotillo,Veracruz de Ignacio de la Llave,Benito Juarez,Coachumo Común,319,1413,23,"['yellow', 'mottled', 'blue']",10,17,low,semi-warm,very abundant
maíz raza olotillo,Oaxaca,Santa Catarina Loxicha,Jardín del Sur,669,970,24,['creamy white'],9.5,18.76,low,semi-warm,abundant
maíz raza olotillo,Oaxaca,Santa Catarina Loxicha,Jardín del Sur,669,970,24,,9.96,16.472,low,semi-warm,abundant
maíz raza olotillo,Tabasco,Huimanguillo,"Ejido Monte de Oro, Primera Sección, Subregión de la Chontalpa",26,2140,26,['creamy white'],12.2,15.84,low,hot,very abundant
maíz raza olotillo,Veracruz de Ignacio de la Llave,Tuxpan,San José el Grande,68,1295,24,['creamy white'],12,18.69,low,semi-warm,abundant
maíz raza olotillo,Oaxaca,San Baltazar Loxicha,Villa Tierra,880,930,23,['white'],10.5555555555556,20.7944444444444,low,semi-warm,abundant
maíz raza olotillo,Chiapas,Teopisca,San Antonio y San José,1711,1279,16,['light yellow'],12,21.6,medium altitude,cold,abundant
maíz raza olotillo,Chiapas,Suchiapa,Cerca de Pacú,453,991,26,"['light yellow', 'medium yellow', 'orange-yellow']",8,18.59,low,hot,abundant
maíz raza olotillo,Hidalgo,Huejutla de Reyes,Ejido Calmecate,117,1352,24,['yellow'],9.2,14.8,low,semi-warm,abundant
maíz raza olotillo,Hidalgo,Huejutla de Reyes,Ejido Calmecate,117,1352,24,"['yellow', 'orange-yellow']",10,16.6,low,semi-warm,abundant
maíz raza olotillo,Hidalgo,Atotonilco el Grande,Cerro Colorado,1986,611,15,['creamy white'],9,13.24,high,cold,low
maíz raza olotillo,Oaxaca,Candelaria Loxicha,El Chilar,236,1087,25,"['white', 'red']",10,16.9421052631579,low,hot,abundant
maíz raza olotillo,Veracruz de Ignacio de la Llave,Benito Juarez,Beníto Juárez,265,1326,23,['creamy white'],9.4,14.6,low,semi-warm,abundant
maíz raza olotillo,Oaxaca,San Bartolome Loxicha,La Chinilla,700,1022,24,['white'],9.65,16.445,low,semi-warm,abundant
maíz raza olotillo,Oaxaca,Candelaria Loxicha,El Chilar,340,1097,25,['creamy white'],10.5,17.015,low,hot,abundant
maíz raza olotillo,Veracruz de Ignacio de la Llave,Teocelo,Baxtla,1162,1732,20,['creamy white'],10.6,19.76,low,temperate,very abundant
maíz raza olotillo,Campeche,Hopelchen,Xmejia,158,1066,25,['white'],11,14.65,low,hot,abundant
maíz raza olotillo,Veracruz de Ignacio de la Llave,San Andres Tuxtla,"Chuniapan de Arriba, Carretera Salto de Eyipantla-Chuniapan de Arriba",154,1632,24,['light yellow'],11.8,17.6,low,semi-warm,very abundant
maíz raza olotillo,Veracruz de Ignacio de la Llave,San Andres Tuxtla,"Ohuilapan, Carretera San Andrés Tuxtla-Tilapan",112,1607,25,['creamy white'],11.4,20.73,low,semi-warm,very abundant
maíz raza olotillo,Oaxaca,San Miguel Panixtlahuaca,San Miguel Panixtlahuaca,1045,1313,23,['white'],9,17.6,low,semi-warm,abundant
maíz raza olotillo,Veracruz de Ignacio de la Llave,San Andres Tuxtla,"Ohuilapan, Carretera San Andrés Tuxtla-Tilapan",112,1607,25,['creamy white'],10.4,21.2,low,semi-warm,very abundant
maíz raza olotillo,San Luis Potosi,Axtla de Terrazas,Xoloco,155,1567,24,['yellow'],9.6,16,low,semi-warm,very abundant
maíz raza olotillo,San Luis Potosi,Axtla de Terrazas,Xoloco,155,1567,24,['yellow'],10,17.8,low,semi-warm,very abundant
maíz raza olotillo,San Luis Potosi,Axtla de Terrazas,Xoloco,155,1567,24,"['yellow', 'orange-yellow']",9.6,19,low,semi-warm,very abundant
maíz raza olotillo,San Luis Potosi,Axtla de Terrazas,Xoloco,155,1567,24,['white'],10,20.8,low,semi-warm,very abundant
maíz raza olotillo,Oaxaca,San Bartolome Loxicha,La Chinilla,814,1028,23,['creamy white'],9.72,17.5,low,semi-warm,abundant
maíz raza olotillo,Veracruz de Ignacio de la Llave,Benito Juarez,Cerca de Palma Real,354,1529,23,['creamy white'],9.6,16.67,low,semi-warm,very abundant
maíz raza olotillo,Oaxaca,Pinotepa de Don Luis,Pinotepa de Don Luis,419,1397,26,['white'],12,15.7,low,hot,very abundant
maíz raza olotillo,Oaxaca,Pinotepa de Don Luis,Pinotepa de Don Luis,419,1397,26,['white'],9,16,low,hot,very abundant
maíz raza olotillo,Oaxaca,Pinotepa de Don Luis,Pinotepa de Don Luis,419,1397,26,['white'],8,17.3,low,hot,very abundant
maíz raza olotillo,Oaxaca,Pinotepa de Don Luis,Pinotepa de Don Luis,419,1397,26,['white'],11,16.4,low,hot,very abundant
maíz raza olotillo,Oaxaca,Pinotepa de Don Luis,Pinotepa de Don Luis,419,1397,26,['white'],9,16.8,low,hot,very abundant
maíz raza olotillo,Oaxaca,Pinotepa de Don Luis,Pinotepa de Don Luis,419,1397,26,['white'],11,18,low,hot,very abundant
maíz raza olotillo,Oaxaca,Pinotepa de Don Luis,Pinotepa de Don Luis,419,1397,26,['white'],9,14.7,low,hot,very abundant
maíz raza olotillo,Tabasco,Tacotalpa,"Colonia Mexiquito, Subregión de la Sierra",57,2404,26,['creamy white'],13.4,18.15,low,hot,very abundant
maíz raza olotillo,Veracruz de Ignacio de la Llave,Tatahuicapan de Juarez,"Tatahuicapan, Cabecera Municipal",111,1767,25,['creamy white'],12.4,19.15,low,hot,very abundant
maíz raza olotillo,Oaxaca,Candelaria Loxicha,Los Horcones,190,1049,25,"['white', 'light yellow']",10,13.63,low,hot,abundant
maíz raza olotillo,Veracruz de Ignacio de la Llave,Hueyapan de Ocampo,Santa Rosa Cintepec,486,1705,23,['creamy white'],10.4,15.79,low,semi-warm,very abundant
maíz raza olotillo,Veracruz de Ignacio de la Llave,Hueyapan de Ocampo,Santa Rosa Cintepec,486,1705,23,['creamy white'],10,14.65,low,semi-warm,very abundant
maíz raza olotillo,Hidalgo,Huazalingo,Copaltitla,443,1490,23,"['yellow', 'orange-yellow', 'blue', 'yellow', 'orange-yellow', 'blue']",9.6,16.4,low,semi-warm,very abundant
maíz raza olotillo,Chiapas,Venustiano Carranza,Colonia Flores Magón,480,1110,25,['white'],8,18,low,hot,abundant
maíz raza olotillo,Chiapas,Venustiano Carranza,Colonia Flores Magón,480,1110,25,"['red', 'dark blue']",11,17.5,low,hot,abundant
maíz raza olotillo,Chiapas,Venustiano Carranza,Colonia Flores Magón,480,1110,25,['light yellow'],,,low,hot,abundant
maíz raza olotillo,Chiapas,Venustiano Carranza,Colonia Flores Magón,480,1110,25,['light yellow'],,,low,hot,abundant
maíz raza olotillo,Chiapas,Venustiano Carranza,Colonia Flores Magón,480,1110,25,['white'],10,19,low,hot,abundant
maíz raza olotillo,Puebla,Hueytamalco,Cerca del Ejido Palo Gacho (al Sur de Palo Gacho),513,2462,21,['creamy white'],10.5,17.15,low,semi-warm,very abundant
maíz raza olotillo,Chiapas,Tuxtla Chico,Ejido Sur de Guillen,190,2610,27,['white'],11,16,low,hot,very abundant
maíz raza olotillo,Guerrero,Coyuca de Benitez,El Encino Prieto,365,1162,26,['creamy white'],11.2,19.3,low,hot,abundant
maíz raza olotillo,Chiapas,La Independencia,Emiliano Zapata,1495,1275,18,['white'],,,medium altitude,temperate,abundant
maíz raza olotillo,Puebla,Xochitlan de Vicente Suarez,Xochitlan,1051,2347,19,"['light yellow', 'red']",,,low,temperate,very abundant
maíz raza olotillo,Chiapas,Venustiano Carranza,Ejido Soyatitán,855,1122,24,['white'],12,13.5,low,semi-warm,abundant
maíz raza olotillo,Chiapas,Venustiano Carranza,Ejido Soyatitán,855,1122,24,"['white', 'red']",10,18,low,semi-warm,abundant
maíz raza olotillo,Oaxaca,San Baltazar Loxicha,El Ocote,739,977,24,,9.8,16.875,low,semi-warm,abundant
maíz raza olotillo,Puebla,Xochiapulco,"Atzalán, Aledaño al Ejido Atzalán",1590,1942,17,['white'],11,,medium altitude,cold,very abundant
maíz raza olotillo,Veracruz de Ignacio de la Llave,Catemaco,"San Juan Seco, Camino San Juan Seco-el Chamizal",376,1696,24,['creamy white'],10.2,18.77,low,semi-warm,very abundant
maíz raza olotillo,Chiapas,Cintalapa,Cerca de Villamorelos,704,790,24,['white'],10.4,16.35,low,semi-warm,intermediate
maíz raza olotillo,Tamaulipas,Hidalgo,Ejido la Trinidad,399,816,22,['light yellow'],8,18.6,low,semi-warm,intermediate
maíz raza olotillo,Oaxaca,San Bartolome Loxicha,La Chinilla,729,1022,24,['white'],9.3,16.57,low,semi-warm,abundant
maíz raza olotillo,Puebla,Tenampulco,Cerca de el Chacal,82,1625,24,['creamy white'],12.4444444444444,20.5111111111111,low,semi-warm,very abundant
maíz raza olotillo,Oaxaca,San Juan Lalana,Arroyo Blanco,219,2350,24,['white'],11,26,low,semi-warm,very abundant
maíz raza olotillo,Veracruz de Ignacio de la Llave,Castillo de Teayo,El Xuchitl,111,1250,24,['creamy white'],11.4,17.66,low,semi-warm,abundant
maíz raza olotillo,Oaxaca,Santa Catarina Loxicha,Río Gusano,1325,947,21,['creamy white'],9.7,17.25,medium altitude,temperate,abundant
maíz raza olotillo,Oaxaca,Santa Catarina Loxicha,Río Gusano,1325,947,21,,10.35,17.675,medium altitude,temperate,abundant
maíz raza olotillo,Veracruz de Ignacio de la Llave,Papantla,"Benito Juárez, Comunidad Benito Juárez",188,1631,23,['creamy white'],12.4,19.27,low,semi-warm,very abundant
maíz raza olotillo,Michoacan de Ocampo,Coalcoman de Vazquez Pallares,Coalcomán,1031,1139,22,['white'],,,low,semi-warm,abundant
maíz raza olotillo,Michoacan de Ocampo,Coalcoman de Vazquez Pallares,Coalcomán,1031,1139,22,"['white', 'orange']",,,low,semi-warm,abundant
maíz raza olotillo,Oaxaca,San Baltazar Loxicha,El Ocote,712,977,24,,9.05,18.855,low,semi-warm,abundant
maíz raza olotillo,Guerrero,San Luis Acatlan,Cuanacaxtitlan,469,1734,26,['creamy white'],11.6,15.3,low,hot,very abundant
maíz raza olotillo,San Luis Potosi,Tamazunchale,"Chapulhuacanito, Barrio Kuakumol",158,1672,24,"['yellow', 'red-orange']",10.8,16,low,semi-warm,very abundant
maíz raza olotillo,San Luis Potosi,Tamazunchale,Chapulhuacanito,158,1672,24,['yellow'],9.2,18.8,low,semi-warm,very abundant
maíz raza olotillo,Veracruz de Ignacio de la Llave,San Andres Tuxtla,"Axochio, Camino Tilapan-Río Tuxtla, Entre Coyoltepec y la Redonda",39,1402,25,['creamy white'],12.6,17.57,low,hot,very abundant
maíz raza olotillo,Chiapas,Comitan de Dominguez,Los Riegos,1580,1239,18,['light yellow'],,,medium altitude,temperate,abundant
maíz raza olotillo,Chiapas,Comitan de Dominguez,Los Riegos,1580,1239,18,['white'],,,medium altitude,temperate,abundant
maíz raza olotillo,Oaxaca,San Baltazar Loxicha,El Ocote,692,977,24,,10.1,19.125,low,semi-warm,abundant
maíz raza olotillo,Oaxaca,San Bartolome Loxicha,El Cacalote,1040,1031,21,['white'],9.5,12.72,low,semi-warm,abundant
maíz raza olotillo,Oaxaca,San Bartolome Loxicha,El Cacalote,1040,1031,21,['white'],9.8,14.835,low,semi-warm,abundant
maíz raza olotillo,Hidalgo,Huejutla de Reyes,"Santa Cruz, Barrio José López Portillo",123,1454,24,"['orange-yellow', 'yellow']",10.4,20.6,low,semi-warm,very abundant
maíz raza olotillo,Hidalgo,Huejutla de Reyes,"Santa Cruz, Barrio el Mirador",123,1454,24,['yellow'],10.2,17,low,semi-warm,very abundant
maíz raza olotillo,Oaxaca,Santa Catarina Loxicha,Río Enmedio,584,969,24,"['white', 'light yellow']",9.8,16.575,low,semi-warm,abundant
maíz raza olotillo,Oaxaca,Santa Catarina Loxicha,Río Enmedio,584,969,24,['creamy white'],9.9,15.25,low,semi-warm,abundant
maíz raza olotillo,Hidalgo,Huautla,"Tzacuala, Barrio Chote",205,1321,24,"['yellow', 'orange-yellow', 'yellow', 'orange-yellow']",9.8,14.4,low,semi-warm,abundant
maíz raza olotillo,Veracruz de Ignacio de la Llave,Benito Juarez,Cerca de el Paraje,293,1390,23,"['light yellow', 'medium yellow', 'orange-yellow']",9.6,16.02,low,semi-warm,very abundant
maíz raza olotillo,Oaxaca,Ayotzintepec,Monte Mario,127,2345,24,['white'],12,22,low,semi-warm,very abundant
maíz raza olotillo,Veracruz de Ignacio de la Llave,San Andres Tuxtla,"Santa Rosa Abata, Carretera San Andrés Tuxtla-Catemaco, Desviación Santa Rosa Abata",505,1782,23,['red'],10.4,18.64,low,semi-warm,very abundant
maíz raza olotillo,Veracruz de Ignacio de la Llave,Chiconamel,Mohuijco,152,1388,24,['yellow'],10.4,15,low,semi-warm,very abundant
maíz raza olotillo,Veracruz de Ignacio de la Llave,Benito Juarez,Palma Real,336,1548,23,"['yellow', 'orange-yellow']",8.4,15.4,low,semi-warm,very abundant
maíz raza olotillo,Guerrero,San Luis Acatlan,El Carmen,272,1580,26,['creamy white'],12.4,15.8,low,hot,very abundant
maíz raza olotillo,Nayarit,Compostela,Compostela,829,1282,22,"['white', 'light yellow']",,,low,semi-warm,abundant
maíz raza olotillo,Chiapas,Ocozocoautla de Espinosa,El Gavilán,750,931,24,,,,low,semi-warm,abundant
maíz raza olotillo,Chiapas,Ocozocoautla de Espinosa,El Gavilán,750,931,24,['red'],,,low,semi-warm,abundant
maíz raza olotillo,Chiapas,Ocozocoautla de Espinosa,El Gavilán,750,931,24,['light yellow'],,,low,semi-warm,abundant
maíz raza olotillo,Chiapas,Ocozocoautla de Espinosa,El Gavilán,750,931,24,['light yellow'],,,low,semi-warm,abundant
maíz raza olotillo,Chiapas,Ocozocoautla de Espinosa,El Gavilán,750,931,24,['white'],,,low,semi-warm,abundant
maíz raza olotillo,Veracruz de Ignacio de la Llave,Chiconquiaco,"Los Naranjos, Parte Baja de Chiconquiaco",1279,1611,18,['creamy white'],12.6,17.73,medium altitude,temperate,very abundant
maíz raza olotillo,Oaxaca,Santo Domingo de Morelos,Santa María Bella Vista,330,1042,25,['creamy white'],9.9,18,low,hot,abundant
maíz raza olotillo,Oaxaca,Candelaria Loxicha,El Caulote,185,1058,26,['light yellow'],9.9,17.905,low,hot,abundant
maíz raza olotillo,Coahuila de Zaragoza,San Pedro,San Francisco de Arriba,1117,207,21,,12.2,16.3,low,temperate,scarce
maíz raza olotillo,Hidalgo,Xochiatipan,Tlaltecatla,332,1546,23,"['yellow', 'red-orange', 'yellow', 'red-orange']",9.6,14.2,low,semi-warm,very abundant
maíz raza olotillo,Hidalgo,Xochiatipan,Tlaltecatla,332,1546,23,"['white', 'yellow']",9.6,17,low,semi-warm,very abundant
maíz raza olotillo,Hidalgo,Xochiatipan,Tlaltecatla,332,1546,23,"['white', 'mottled', 'blue', 'white', 'mottled', 'blue']",9.2,17.6,low,semi-warm,very abundant
maíz raza olotillo,Hidalgo,Huejutla de Reyes,Humotitla Coyuco,133,1341,24,['yellow'],8.4,15.8,low,semi-warm,abundant
maíz raza olotillo,Hidalgo,Huejutla de Reyes,Los Coyotes,112,1455,24,['creamy white'],9,19.95,low,semi-warm,very abundant
maíz raza olotillo,Veracruz de Ignacio de la Llave,Actopan,Esperanza,181,1026,25,,,,low,semi-warm,abundant
maíz raza olotillo,Chiapas,La Trinitaria,Palo Gordo,714,1128,24,"['white', 'light yellow']",13,16.8,low,semi-warm,abundant
maíz raza olotillo,Guerrero,Ometepec,"Cerca de San Francisco (la Palma, al SSW de la Localidad)",269,1345,27,,,,low,hot,abundant
maíz raza olotillo,Guerrero,Tecoanapa,Xalpatlahuac,689,1668,24,['creamy white'],9.2,14.94,low,semi-warm,very abundant
maíz raza olotillo,Oaxaca,San Baltazar Loxicha,Macahuite,705,978,24,['creamy white'],10.6,21.905,low,semi-warm,abundant
maíz raza olotillo,Oaxaca,San Baltazar Loxicha,Macahuite,705,978,24,['creamy white'],9.7,17.05,low,semi-warm,abundant
maíz raza olotillo,Chiapas,Las Margaritas,Lomantan,1770,1185,17,['light yellow'],,,medium altitude,cold,abundant
maíz raza olotillo,Chiapas,Tuxtla Gutierrez,"Terán, Zapata SE Localiza al Interior de la Localidad Delegación Terán",567,960,25,['dark blue'],,,low,hot,abundant
maíz raza olotillo,Chiapas,Tuxtla Gutierrez,"Terán, la Colonia Zapata SE Localiza al Interior de la Localidad Delegación Terán",567,960,25,"['white', 'dark blue']",,,low,hot,abundant
maíz raza olotillo,Chiapas,Tuxtla Gutierrez,"Terán, Ribera del Carmen SE Localiza al Interior de la Delegación Terán",567,960,25,,,,low,hot,abundant
maíz raza olotillo,Chiapas,Tuxtla Gutierrez,"Terán, Zapata SE Localiza al Interior de la Localidad Delegación Terán",567,960,25,['white'],,,low,hot,abundant
maíz raza olotillo,Chiapas,Tuxtla Gutierrez,"Terán, Ribera del Carmen SE Localiza al Interior de la Delegación Terán",567,960,25,,,,low,hot,abundant
maíz raza olotillo,San Luis Potosi,Huehuetlan,La Escalera,113,1566,24,"['orange-yellow', 'orange-yellow']",8.4,12.8,low,semi-warm,very abundant
maíz raza olotillo,Veracruz de Ignacio de la Llave,Chicontepec,"Chalahuiapa, en el Ejido de Chalahuayapan",265,1348,23,['creamy white'],8.4,18.64,low,semi-warm,abundant
maíz raza olotillo,Veracruz de Ignacio de la Llave,Chicontepec,"Chalahuiapa, en el Ejido de Chalahuayapan",265,1348,23,['creamy white'],9,16.86,low,semi-warm,abundant
maíz raza olotillo,Veracruz de Ignacio de la Llave,Chicontepec,"Chalahuiapa, en el Ejido de Chalahuayapan",265,1348,23,['creamy white'],9,16.11,low,semi-warm,abundant
maíz raza olotillo,Veracruz de Ignacio de la Llave,Chicontepec,"Chalahuiapa, en el Ejido de Chalahuayapan",265,1348,23,['creamy white'],9.2,17.34,low,semi-warm,abundant
maíz raza olotillo,Guerrero,Tecoanapa,Tlayoyotepec,612,1679,25,['creamy white'],10.8,16.66,low,semi-warm,very abundant
maíz raza olotillo,Oaxaca,Candelaria Loxicha,Río Molino,766,1007,22,"['creamy white', 'light yellow']",10.7,14.995,low,semi-warm,abundant
maíz raza olotillo,Veracruz de Ignacio de la Llave,Soteapan,"Al Sur de la Localidad Cerro de la Palma, Carretera Federal Libre a Mecayapan",130,1722,25,"['orange', 'red-orange']",11.8,13.88,low,hot,very abundant
maíz raza olotillo,Veracruz de Ignacio de la Llave,San Andres Tuxtla,"Tulapan, Carretera Salto de Eyipantla-Abrevadero",82,1465,25,['creamy white'],11,18.45,low,semi-warm,very abundant
maíz raza olotillo,Oaxaca,Santa Catarina Loxicha,Arroyo Hueso,1506,981,20,"['white', 'light yellow']",10.1,18.5,medium altitude,temperate,abundant
maíz raza olotillo,Chiapas,Jiquipilas,Ejido Miguel Hidalgo,538,910,24,['white'],10,15,low,semi-warm,abundant
maíz raza olotillo,Oaxaca,San Bartolome Loxicha,Falda del Gachupín,807,1022,23,,9.55,16.455,low,semi-warm,abundant
maíz raza olotillo,Tamaulipas,San Fernando,Ejido Juan Antonio,48,612,23,['creamy white'],10.64,15.54,low,semi-warm,low
maíz raza olotillo,San Luis Potosi,Tampamolon Corona,Río Florido,88,1434,24,['orange-yellow'],,,low,semi-warm,very abundant
maíz raza olotillo,Hidalgo,Atotonilco el Grande,El Contadero,1913,638,16,['creamy white'],8.4,12.92,high,cold,low
maíz raza olotillo,Veracruz de Ignacio de la Llave,Coatzintla,Manuel María Contreras,101,1250,24,['creamy white'],10.8,18.86,low,semi-warm,abundant
maíz raza olotillo,Morelos,Tlaquiltenango,Xicatlacotla,824,822,24,['white'],10.4,14.72,low,semi-warm,intermediate
maíz raza olotillo,Veracruz de Ignacio de la Llave,Catemaco,La Candelaria,484,1730,23,['creamy white'],9.4,14.4,low,semi-warm,very abundant
maíz raza olotillo,Veracruz de Ignacio de la Llave,Catemaco,La Candelaria,484,1730,23,"['red-orange', 'red', 'dark red']",10.4,17.13,low,semi-warm,very abundant
maíz raza olotillo,San Luis Potosi,Tampacan,Tampacán,131,1534,24,"['medium yellow', 'orange-yellow']",8.8,14,low,semi-warm,very abundant
maíz raza olotillo,San Luis Potosi,Tampacan,Tampacán,131,1534,24,['creamy white'],,,low,semi-warm,very abundant
maíz raza olotillo,Guerrero,Malinaltepec,Monte Alegre,1693,1406,20,['creamy white'],11.2,15.6,medium altitude,temperate,very abundant
maíz raza olotillo,Guerrero,Tlacoachistlahuaca,Cerca de Tlacoachistlahuaca (al E de la Localidad),416,1508,26,,,,low,hot,very abundant
maíz raza olotillo,Chiapas,La Independencia,Zapata,1511,1277,18,['light yellow'],,,medium altitude,temperate,abundant
maíz raza olotillo,Veracruz de Ignacio de la Llave,Tantoyuca,"Los Ajos, Sta. Clara",126,1247,24,['yellow'],9.2,14.6,low,semi-warm,abundant
maíz raza olotillo,Veracruz de Ignacio de la Llave,Tantoyuca,"Los Ajos, Sta. Clara",126,1247,24,"['yellow', 'white']",8.8,16.8,low,semi-warm,abundant
maíz raza olotillo,Veracruz de Ignacio de la Llave,Tantoyuca,"Los Ajos, Sta. Clara",126,1247,24,"['white', 'yellow', 'white', 'yellow']",10,16.2,low,semi-warm,abundant
maíz raza olotillo,Veracruz de Ignacio de la Llave,Tantoyuca,"Los Ajos, Sta. Clara",126,1247,24,['white'],10,19.2,low,semi-warm,abundant
maíz raza olotillo,Veracruz de Ignacio de la Llave,Tantoyuca,"Los Ajos, Sta. Clara",126,1247,24,['white'],10,18,low,semi-warm,abundant
maíz raza olotillo,Oaxaca,San Agustin Loxicha,Santa María Bella Vista,331,1046,25,['white'],11,12.875,low,hot,abundant
maíz raza olotillo,Veracruz de Ignacio de la Llave,Chicontepec,Ayoco,242,1329,23,['creamy white'],9.8,16.23,low,semi-warm,abundant
maíz raza olotillo,Veracruz de Ignacio de la Llave,Catemaco,"San Pedro Quimichostayo, Camino a Laguneta",487,1741,23,['creamy white'],10.4,18.33,low,semi-warm,very abundant
maíz raza olotillo,Chiapas,Jiquipilas,Jiquipilas,531,901,24,['creamy white'],10,17,low,semi-warm,abundant
maíz raza olotillo,Chiapas,La Trinitaria,Carmen Xhan,1232,1473,20,['white'],,,medium altitude,temperate,very abundant
maíz raza olotillo,Chiapas,La Trinitaria,Carmen Xhan,1232,1473,20,['light yellow'],,,medium altitude,temperate,very abundant
maíz raza olotillo,Chiapas,Suchiapa,Plan de Munumi,458,1000,26,['white'],8.6,17.55,low,hot,abundant
maíz raza olotillo,Veracruz de Ignacio de la Llave,Benito Juarez,Cerca de Tlatlapango el Grande,299,1390,23,['creamy white'],9.4,17.69,low,semi-warm,very abundant
maíz raza olotillo,Oaxaca,San Pedro Jicayan,San José Yutatuyaa,269,1300,27,['light yellow'],9,16.5,low,hot,abundant
maíz raza olotillo,Oaxaca,San Pedro Jicayan,San José Yutatuyaa,269,1300,27,['blue'],9,17.1,low,hot,abundant
maíz raza olotillo,Oaxaca,Tataltepec de Valdes,Tataltepec de Valdés,866,1465,24,['blue'],10,15.1,low,semi-warm,very abundant
maíz raza olotillo,Oaxaca,Tataltepec de Valdes,Tataltepec de Valdés,866,1465,24,['light yellow'],14,15.5,low,semi-warm,very abundant
maíz raza olotillo,Oaxaca,Tataltepec de Valdes,Tataltepec de Valdés,866,1465,24,['white'],15,18.7,low,semi-warm,very abundant
maíz raza olotillo,Chiapas,Chiapa de Corzo,Cerca de Zapata 1,436,1009,26,"['white', 'creamy white']",10,18.6285714285714,low,hot,abundant
maíz raza olotillo,Chiapas,Chiapa de Corzo,Cerca de Zapata 1,436,1009,26,['light yellow'],11.6,21.61,low,hot,abundant
maíz raza olotillo,San Luis Potosi,Axtla de Terrazas,Axtla de Terrazas,96,1564,24,"['medium yellow', 'orange-yellow']",9.6,14.6,low,semi-warm,very abundant
maíz raza olotillo,Chiapas,Comitan de Dominguez,Colonia Hidalgo Comitán,1917,1158,16,['light yellow'],,,high,cold,abundant
maíz raza olotillo,Veracruz de Ignacio de la Llave,Chiconquiaco,"Los Naranjos, Parte Baja de Chiconquiaco",1280,1611,18,"['creamy white', 'light yellow', 'medium yellow']",10.2,16.59,medium altitude,temperate,very abundant
maíz raza olotillo,Veracruz de Ignacio de la Llave,Hueyapan de Ocampo,"La Chamizal, Camino Santa Rosa Cintepec-Juan Díaz Cobarruvias",200,1607,24,['creamy white'],13,16.21,low,semi-warm,very abundant
maíz raza olotillo,Oaxaca,Candelaria Loxicha,Los Horcones,190,1049,25,['creamy white'],12.4,13.93,low,hot,abundant
maíz raza olotillo,Oaxaca,Santa Cruz Zenzontepec,Santa María Tlapanalquiahuitl,943,1444,24,['light yellow'],12,15.7,low,semi-warm,very abundant
maíz raza olotillo,Oaxaca,Santa Cruz Zenzontepec,Santa María Tlapanalquiahuitl,943,1444,24,"['white', 'light yellow', 'red']",11,15.6,low,semi-warm,very abundant
maíz raza olotillo,Oaxaca,Santa Cruz Zenzontepec,Santa María Tlapanalquiahuitl,943,1444,24,['white'],12,17.7,low,semi-warm,very abundant
maíz raza olotillo,Oaxaca,Santa Cruz Zenzontepec,Santa María Tlapanalquiahuitl,943,1444,24,"['white', 'light yellow']",10,15.4,low,semi-warm,very abundant
maíz raza olotillo,San Luis Potosi,Huehuetlan,Tandzumadz,420,1501,23,"['white', 'yellow', 'red-orange']",11.6,19,low,semi-warm,very abundant
maíz raza olotillo,Guerrero,San Luis Acatlan,Ejido de Cuanacastitlán,732,1738,25,['creamy white'],12,11,low,hot,very abundant
maíz raza olotillo,San Luis Potosi,Tamazunchale,Chilocuil Taman,289,1680,24,"['white', 'red', 'red-orange']",10.8,20,low,semi-warm,very abundant
maíz raza olotillo,San Luis Potosi,Tamazunchale,Chilocuil Taman,289,1680,24,"['blue', 'red-orange', 'yellow', 'blue', 'red-orange', 'yellow']",10.4,17.2,low,semi-warm,very abundant
maíz raza olotillo,San Luis Potosi,Tamazunchale,Chilocuil Taman,289,1680,24,"['yellow', 'blue']",11.6,19.6,low,semi-warm,very abundant
maíz raza olotillo,San Luis Potosi,Tamazunchale,Chilocuil Taman,289,1680,24,"['white', 'blue']",10,17,low,semi-warm,very abundant
maíz raza olotillo,Oaxaca,Santa Catarina Loxicha,La Nueva Esperanza,864,909,23,['orange-yellow'],9.76,13.7,low,semi-warm,abundant
maíz raza olotillo,Oaxaca,Santa Catarina Mechoacan,Santa Catarina Mechoacán,236,1309,27,['red'],10,15.8,low,hot,abundant
maíz raza olotillo,Oaxaca,Santa Catarina Mechoacan,Santa Catarina Mechoacán,236,1309,27,['white'],11,17.6,low,hot,abundant
maíz raza olotillo,Oaxaca,Santa Catarina Mechoacan,Santa Catarina Mechoacán,236,1309,27,['white'],10,19.1,low,hot,abundant
maíz raza olotillo,Oaxaca,Santa Catarina Mechoacan,Santa Catarina Mechoacán,236,1309,27,['white'],9,17.4,low,hot,abundant
maíz raza olotillo,Oaxaca,Santa Catarina Mechoacan,Santa Catarina Mechoacán,236,1309,27,['white'],10,16.4,low,hot,abundant
maíz raza olotillo,Oaxaca,Santa Catarina Mechoacan,Santa Catarina Mechoacán,236,1309,27,['light yellow'],8,12.6,low,hot,abundant
maíz raza olotillo,Oaxaca,Santa Catarina Mechoacan,Santa Catarina Mechoacán,236,1309,27,['white'],11,15.9,low,hot,abundant
maíz raza olotillo,Oaxaca,Santa Catarina Mechoacan,Santa Catarina Mechoacán,236,1309,27,['white'],10,16.5,low,hot,abundant
maíz raza olotillo,Oaxaca,Santa Catarina Mechoacan,Santa Catarina Mechoacán,236,1309,27,['white'],10,17.2,low,hot,abundant
maíz raza olotillo,Oaxaca,San Baltazar Loxicha,El Tamarindo,562,1001,24,,10.05,17.29,low,semi-warm,abundant
maíz raza olotillo,Veracruz de Ignacio de la Llave,Benito Juarez,Cerca de el Paraje,293,1390,23,['creamy white'],10.2,15.97,low,semi-warm,very abundant
maíz raza olotillo,Oaxaca,San Baltazar Loxicha,El Llano,594,998,24,,10.2,18.855,low,semi-warm,abundant
maíz raza olotillo,Hidalgo,San Felipe Orizatlan,Taxiscoatitla,148,1533,24,"['yellow', 'yellow']",10.8,15,low,semi-warm,very abundant
maíz raza olotillo,Veracruz de Ignacio de la Llave,San Andres Tuxtla,"Chuniapan de Arriba, Comunidad Chuniapan de Arriba",151,1627,24,['creamy white'],13,18.03,low,semi-warm,very abundant
maíz raza olotillo,Chiapas,Venustiano Carranza,Paraíso Grijalva,667,1248,25,['light yellow'],,,low,semi-warm,abundant
maíz raza olotillo,Chiapas,Comitan de Dominguez,"Yaltzi, Tres Lagunas",1859,1182,17,['white'],,,high,cold,abundant
maíz raza olotillo,Chiapas,Comitan de Dominguez,"Yaltzi, Tres Lagunas",1859,1182,17,['white'],,,high,cold,abundant
maíz raza olotillo,Chiapas,Comitan de Dominguez,"Yaltzi, Tres Lagunas",1859,1182,17,['white'],,,high,cold,abundant
maíz raza olotillo,Chiapas,Comitan de Dominguez,"Yaltzi, Tres Lagunas",1859,1182,17,['light yellow'],,,high,cold,abundant
maíz raza olotillo,Chiapas,Comitan de Dominguez,"Yaltzi, Tres Lagunas",1859,1182,17,['light yellow'],,,high,cold,abundant
maíz raza olotillo,Chiapas,Comitan de Dominguez,"Yaltzi, Tres Lagunas",1859,1182,17,['white'],,,high,cold,abundant
maíz raza olotillo,Chiapas,Comitan de Dominguez,"Yaltzi, Tres Lagunas",1859,1182,17,['white'],,,high,cold,abundant
maíz raza olotillo,San Luis Potosi,Tampacan,Chililillo,195,1564,24,"['yellow', 'orange-yellow']",9.2,19.4,low,semi-warm,very abundant
maíz raza olotillo,Guerrero,San Luis Acatlan,Cuanacaxtitlan,473,1734,26,['dark blue'],12.4,15.9,low,hot,very abundant
maíz raza olotillo,Guerrero,San Luis Acatlan,Cuanacaxtitlan,473,1734,26,['creamy white'],10.4,16.9,low,hot,very abundant
maíz raza olotillo,Veracruz de Ignacio de la Llave,San Andres Tuxtla,"El Remolino, Camino los Naranjos-Popotal",30,1354,25,['orange-yellow'],11,16.53,low,hot,abundant
maíz raza olotillo,Oaxaca,Santa Catarina Loxicha,Río Aguacate,420,990,25,['white'],9.4,18.535,low,semi-warm,abundant
maíz raza olotillo,Chiapas,Teopisca,Campo Santiago,2103,1219,15,,,,high,cold,abundant
maíz raza olotillo,Chiapas,Teopisca,Campo Santiago,2103,1219,15,['white'],,,high,cold,abundant
maíz raza olotillo,Chiapas,Teopisca,Campo Santiago,2103,1219,15,,,,high,cold,abundant
maíz raza olotillo,Chiapas,Teopisca,Campo Santiago,2103,1219,15,,,,high,cold,abundant
maíz raza olotillo,Chiapas,Teopisca,Campo Santiago,2103,1219,15,,,,high,cold,abundant
maíz raza olotillo,Chiapas,Teopisca,Campo Santiago,2103,1219,15,,,,high,cold,abundant
maíz raza olotillo,Chiapas,Teopisca,Campo Santiago,2103,1219,15,,,,high,cold,abundant
maíz raza olotillo,Veracruz de Ignacio de la Llave,Benito Juarez,Tlatlapango Grande,347,1495,23,"['yellow', 'red-orange', 'white']",10,17,low,semi-warm,very abundant
maíz raza olotillo,Puebla,Cuetzalan del Progreso,Atalpa,565,2483,22,['white'],,,low,semi-warm,very abundant
maíz raza olotillo,Puebla,Cuetzalan del Progreso,Atalpa,565,2483,22,['light yellow'],,,low,semi-warm,very abundant
maíz raza olotillo,Oaxaca,San Bartolome Loxicha,Los Pocitos,1134,993,22,['creamy white'],9.95,13.875,low,semi-warm,abundant
maíz raza olotillo,Oaxaca,San Sebastian Ixcapa,Costatitlán,127,1256,27,"['dark blue', 'black']",11,16.5,low,hot,abundant
maíz raza olotillo,Guerrero,Petatlan,Murga,115,997,26,['light yellow'],12,11.7,low,hot,abundant
maíz raza olotillo,Oaxaca,San Bartolome Loxicha,El Tamarindo,448,1032,24,"['white', 'light yellow']",9.9,17.325,low,semi-warm,abundant
maíz raza olotillo,Chiapas,Amatenango de la Frontera,"Amatenango de la Frontera (Amatenango Viejo), al Interior del Ejido Amatenango de la Frontera",902,2705,23,,,,low,semi-warm,very abundant
maíz raza olotillo,Chiapas,Amatenango de la Frontera,"Amatenango de la Frontera (Amatenango Viejo), al Interior del Ejido Amatenango de la Frontera",902,2705,23,,,,low,semi-warm,very abundant
maíz raza olotillo,Michoacan de Ocampo,Coalcoman de Vazquez Pallares,La Guadalupe,1028,1160,22,"['white', 'light yellow']",12,16.1,low,semi-warm,abundant
maíz raza olotillo,Michoacan de Ocampo,Coalcoman de Vazquez Pallares,La Guadalupe,1028,1160,22,['white'],8,20.4,low,semi-warm,abundant
maíz raza olotillo,Hidalgo,Huazalingo,La Ceiba,371,1456,23,"['yellow', 'red-orange', 'white', 'yellow', 'red-orange', 'white']",9.6,15.2,low,semi-warm,very abundant
maíz raza olotillo,Puebla,Tulcingo,Cerca de Tulcingo del Valle,1107,690,23,"['blue', 'black']",10,15.72,low,semi-warm,intermediate
maíz raza olotillo,Veracruz de Ignacio de la Llave,Acayucan,"La Esperanza Malota, Carretera Veracruz-Acayucan, Desviación en Vista Hermosa",103,1537,25,['creamy white'],12.4,14.25,low,hot,very abundant
maíz raza olotillo,Veracruz de Ignacio de la Llave,Acayucan,"La Esperanza Malota, Carretera Veracruz-Acayucan, Desviación en Vista Hermosa",103,1537,25,['creamy white'],12.2,15.45,low,hot,very abundant
maíz raza olotillo,Chiapas,Venustiano Carranza,Cerca de Barrio San Francisco,643,1120,25,['white'],8.4,17.05,low,semi-warm,abundant
maíz raza olotillo,Veracruz de Ignacio de la Llave,Benito Juarez,Cerca de la Reforma,439,1533,23,"['creamy white', 'black']",9.6,16.82,low,semi-warm,very abundant
maíz raza olotillo,Veracruz de Ignacio de la Llave,Benito Juarez,Cerca de la Reforma,439,1533,23,"['medium yellow', 'orange-yellow']",10,15.98,low,semi-warm,very abundant
maíz raza olotillo,Hidalgo,Yahualica,Tepetitla,491,1538,22,['medium yellow'],9.8,13.82,low,semi-warm,very abundant
maíz raza olotillo,Veracruz de Ignacio de la Llave,Espinal,"Plan de la Noria, Casa del Productor",87,1571,24,['creamy white'],11.4,19.8,low,semi-warm,very abundant
maíz raza olotillo,Veracruz de Ignacio de la Llave,Espinal,"Plan de la Noria, Casa del Productor",87,1571,24,['creamy white'],12.4,21.14,low,semi-warm,very abundant
maíz raza olotillo,Chiapas,Las Rosas,Villa las Rosas,1306,1329,21,['white'],10,14,medium altitude,temperate,abundant
maíz raza olotillo,San Luis Potosi,Tamazunchale,Guaxcuaco,469,1542,23,"['white', 'red-orange']",11.6,22.2,low,semi-warm,very abundant
maíz raza olotillo,San Luis Potosi,Tamazunchale,Guaxcuaco,469,1542,23,['yellow'],10.8,19.6,low,semi-warm,very abundant
maíz raza olotillo,Hidalgo,Xochiatipan,Acanoa,698,1728,22,['medium yellow'],9.2,15.45,low,semi-warm,very abundant
maíz raza olotillo,San Luis Potosi,Tamazunchale,"Mecatlán, Barrio Axhumol",157,1747,24,"['yellow', 'red-orange']",10.8,19.2,low,semi-warm,very abundant
maíz raza olotillo,San Luis Potosi,Tamazunchale,"Mecatlán, Barrio de Atlajque",157,1747,24,['yellow'],10,20,low,semi-warm,very abundant
maíz raza olotillo,San Luis Potosi,Tamazunchale,Mecatlán,157,1747,24,['white'],9.6,17.6,low,semi-warm,very abundant
maíz raza olotillo,Guerrero,Tecpan de Galeana,Arroyo de la Ordeña,141,1094,26,['creamy white'],11.6,16,low,hot,abundant
maíz raza olotillo,Hidalgo,Calnali,Coamila,1210,757,19,['light yellow'],,,medium altitude,temperate,intermediate
maíz raza olotillo,Hidalgo,Atlapexco,"Atlajco, Barrio Calixpa",250,1438,23,"['yellow', 'red-orange', 'yellow', 'red-orange']",10.8,16.2,low,semi-warm,very abundant
maíz raza olotillo,Hidalgo,Atlapexco,"Atlajco, Barrio Xocotzintla",250,1438,23,"['yellow', 'white', 'yellow', 'white']",10.4,16,low,semi-warm,very abundant
maíz raza olotillo,Oaxaca,San Juan Lachao,San Juan Lachao Pueblo Viejo,2056,1221,17,['white'],14,15.6,high,cold,abundant
maíz raza olotillo,Oaxaca,San Juan Lachao,San Juan Lachao Pueblo Viejo,2056,1221,17,['light yellow'],11,15.2,high,cold,abundant
maíz raza olotillo,Oaxaca,San Juan Lachao,San Juan Lachao Pueblo Viejo,2056,1221,17,['white'],11,17.2,high,cold,abundant
maíz raza olotillo,Oaxaca,San Juan Lachao,San Juan Lachao Pueblo Viejo,2056,1221,17,"['white', 'red']",12,15.8,high,cold,abundant
maíz raza olotillo,Oaxaca,San Juan Lachao,San Juan Lachao Pueblo Viejo,2056,1221,17,['white'],11,16.9,high,cold,abundant
maíz raza olotillo,Oaxaca,San Juan Lachao,San Juan Lachao Pueblo Viejo,2056,1221,17,['light yellow'],13,15.5,high,cold,abundant
maíz raza olotillo,Oaxaca,San Juan Lachao,San Juan Lachao Pueblo Viejo,2056,1221,17,['white'],12,16.2,high,cold,abundant
maíz raza olotillo,Hidalgo,Atlapexco,"Tlachapa, Barrio Arriba",208,1431,23,['yellow'],10,18.4,low,semi-warm,very abundant
maíz raza olotillo,Hidalgo,Atlapexco,"Tlachapa, Barrio Naranjal",208,1431,23,['yellow'],10.4,17.2,low,semi-warm,very abundant
maíz raza olotillo,Hidalgo,Atlapexco,"Tlachapa, Barrio Arriba",208,1431,23,"['yellow', 'orange-yellow', 'yellow', 'orange-yellow']",9.6,16.2,low,semi-warm,very abundant
maíz raza olotillo,Hidalgo,Atlapexco,Tlachapa,208,1431,23,"['white', 'white']",9.2,14.6,low,semi-warm,very abundant
maíz raza olotillo,Hidalgo,Atlapexco,"Tlachapa, Barrio Arriba",208,1431,23,"['yellow', 'white']",9.6,15.4,low,semi-warm,very abundant
maíz raza olotillo,Hidalgo,Atlapexco,Tlachapa,208,1431,23,"['yellow', 'orange-yellow', 'yellow', 'orange-yellow']",8.8,14.6,low,semi-warm,very abundant
maíz raza olotillo,Chiapas,Las Margaritas,1 de Mayo,1671,1220,18,['light yellow'],,,medium altitude,cold,abundant
maíz raza olotillo,Chiapas,Las Margaritas,1 de Mayo,1671,1220,18,['white'],,,medium altitude,cold,abundant
maíz raza olotillo,Chiapas,Las Margaritas,1 de Mayo,1671,1220,18,['light yellow'],,,medium altitude,cold,abundant
maíz raza olotillo,Chiapas,Las Margaritas,1 de Mayo,1671,1220,18,['white'],,,medium altitude,cold,abundant
maíz raza olotillo,Chiapas,Las Margaritas,1 de Mayo,1671,1220,18,['light yellow'],,,medium altitude,cold,abundant
maíz raza olotillo,Chiapas,Las Margaritas,1 de Mayo,1671,1220,18,['light yellow'],,,medium altitude,cold,abundant
maíz raza olotillo,Veracruz de Ignacio de la Llave,San Andres Tuxtla,"Pizapan, Carretera San Andrés-Tilapan Desviación los Mérida",115,1569,25,['light yellow'],10.4,16.99,low,semi-warm,very abundant
maíz raza olotillo,Veracruz de Ignacio de la Llave,Chiconquiaco,"La Vaquería, Zona Baja, Chiconquiaco",1811,1676,14,"['white', 'blue']",13.4,16.01,high,cold,very abundant
maíz raza olotillo,Oaxaca,San Baltazar Loxicha,El Ocote,898,964,23,,10.8,19.565,low,semi-warm,abundant
maíz raza olotillo,Oaxaca,Santa Maria Cortijo,Santa María Cortijo,80,1194,27,"['white', 'light yellow', 'dark blue']",,,low,hot,abundant
maíz raza olotillo,Veracruz de Ignacio de la Llave,Tantoyuca,Ejido Siete Palmas,160,1209,24,['white'],11.2,17.6,low,semi-warm,abundant
maíz raza olotillo,Veracruz de Ignacio de la Llave,Tantoyuca,Ejido Siete Palmas,160,1209,24,['white'],10.4,18.6,low,semi-warm,abundant
maíz raza olotillo,Veracruz de Ignacio de la Llave,Tantoyuca,Ejido Siete Palmas,160,1209,24,['white'],10.4,15.4,low,semi-warm,abundant
maíz raza olotillo,Veracruz de Ignacio de la Llave,Tantoyuca,Ejido Siete Palmas,160,1209,24,['white'],10,15.8,low,semi-warm,abundant
maíz raza olotillo,Veracruz de Ignacio de la Llave,Papantla,"La Isla, Comunidad Ejido la Isla",14,1392,24,['creamy white'],11.8,20.15,low,semi-warm,very abundant
maíz raza olotillo,Veracruz de Ignacio de la Llave,Papantla,"La Isla, Comunidad Ejido la Isla",14,1392,24,['creamy white'],12,18.66,low,semi-warm,very abundant
maíz raza olotillo,Veracruz de Ignacio de la Llave,Papantla,"La Isla, Olmedo",14,1392,24,['creamy white'],12.4,17.72,low,semi-warm,very abundant
maíz raza olotillo,Guerrero,Tecpan de Galeana,Papanoa,24,915,26,['creamy white'],11.2,18.2,low,hot,abundant
maíz raza olotillo,Guerrero,Tecpan de Galeana,Papanoa,24,915,26,['light yellow'],8,20,low,hot,abundant
maíz raza olotillo,Hidalgo,Yahualica,Pepeyocatitla,221,1457,24,['white'],9,16.38,low,semi-warm,very abundant
maíz raza olotillo,Guanajuato,Xichu,Llanetes,927,534,23,['white'],10.2,17.6,low,semi-warm,low
maíz raza olotillo,Guanajuato,Xichu,Llanetes,927,534,23,['dark blue'],12.8,15.4,low,semi-warm,low
maíz raza olotillo,Veracruz de Ignacio de la Llave,San Andres Tuxtla,"La Redonda, Carretera Tilapan-Río Tuxpan",44,1391,25,['creamy white'],12.4,17.2,low,hot,very abundant
maíz raza olotillo,Guerrero,Malinaltepec,Cerca de Monte Alegre,1705,1406,20,['creamy white'],11,17,medium altitude,temperate,very abundant
maíz raza olotillo,Morelos,Ayala,El Vergel,933,763,24,['white'],10.4,14.98,low,semi-warm,intermediate
maíz raza olotillo,Oaxaca,San Bartolome Loxicha,Arroyo Bejuco,574,1031,24,['white'],9.75,13.5,low,semi-warm,abundant
maíz raza olotillo,Chiapas,Chiapa de Corzo,Francisco Sarabia,434,1058,26,['white'],,,low,hot,abundant
maíz raza olotillo,Chiapas,Chiapa de Corzo,Francisco Sarabia,434,1058,26,['light yellow'],,,low,hot,abundant
maíz raza olotillo,Chiapas,Chiapa de Corzo,Francisco Sarabia,434,1058,26,['light yellow'],,,low,hot,abundant
maíz raza olotillo,Oaxaca,Santa Maria Tonameca,"Santa María Tonameca, Cabecera Municipal, al Interior de Terreno Comunal",37,1061,26,"['white', 'light yellow']",12,15.5,low,hot,abundant
maíz raza olotillo,Veracruz de Ignacio de la Llave,Benito Juarez,"Calaco, Ejido Huecuatitla",362,1407,23,"['yellow', 'red-orange', 'white']",9.2,15.6,low,semi-warm,very abundant
maíz raza olotillo,Hidalgo,Atotonilco el Grande,"Cerca de Tezahuapa, (Aledaños al Ejido Agua Limpia)",2075,605,16,['creamy white'],8.8,13.36,high,cold,low
maíz raza olotillo,Veracruz de Ignacio de la Llave,Benito Juarez,Pahuatitla,429,1473,23,"['yellow', 'red-orange']",11.2,16.8,low,semi-warm,very abundant
maíz raza olotillo,San Luis Potosi,Xilitla,Cerro Quebrado,1213,866,19,"['blue', 'white', 'yellow', 'blue', 'white', 'yellow']",10.6,18.6,medium altitude,temperate,abundant
maíz raza olotillo,San Luis Potosi,Xilitla,Cerro Quebrado,1213,866,19,"['white', 'red', 'red-orange']",11.6,18.8,medium altitude,temperate,abundant
maíz raza olotillo,Chiapas,Chiapa de Corzo,Narciso Mendoza,407,1039,26,['orange-yellow'],,,low,hot,abundant
maíz raza olotillo,Veracruz de Ignacio de la Llave,Hueyapan de Ocampo,"La Chamizal, Camino Santa Rosa Cintepec-Juan Díaz Cobarruvias",184,1582,24,['creamy white'],11,17.2,low,semi-warm,very abundant
maíz raza olotillo,San Luis Potosi,Ciudad Valles,San Felipe,163,1192,24,,,,low,semi-warm,abundant
maíz raza olotillo,San Luis Potosi,Ciudad Valles,San Felipe,163,1192,24,['white'],,,low,semi-warm,abundant
maíz raza olotillo,Oaxaca,San Bartolome Loxicha,Cerro de Horno,895,994,23,['creamy white'],10,16.19,low,semi-warm,abundant
maíz raza olotillo,Oaxaca,San Bartolome Loxicha,Cerro de Horno,895,994,23,['white'],9.8,15.655,low,semi-warm,abundant
maíz raza olotillo,Oaxaca,Tataltepec de Valdes,Santa Cruz Tepenixtlahuaca,463,1343,26,['white'],14,18.8,low,hot,abundant
maíz raza olotillo,Oaxaca,Tataltepec de Valdes,Santa Cruz Tepenixtlahuaca,463,1343,26,['red'],11,15.9,low,hot,abundant
maíz raza olotillo,Oaxaca,Tataltepec de Valdes,Santa Cruz Tepenixtlahuaca,463,1343,26,['white'],10,17,low,hot,abundant
maíz raza olotillo,Oaxaca,San Agustin Loxicha,San Vicente Yogondoy,1463,953,20,['creamy white'],8.9,14.88,medium altitude,temperate,abundant
maíz raza olotillo,Oaxaca,San Agustin Loxicha,Rio Grande,1463,953,20,['creamy white'],9.5,17.275,medium altitude,temperate,abundant
maíz raza olotillo,Oaxaca,San Agustin Loxicha,Rio Grande,1463,953,20,"['white', 'light yellow']",10.45,15.155,medium altitude,temperate,abundant
maíz raza olotillo,Oaxaca,San Agustin Loxicha,Río Piedra,1463,953,20,"['white', 'light yellow']",9.2,19.5333333333333,medium altitude,temperate,abundant
maíz raza olotillo,Oaxaca,San Agustin Loxicha,El Campanario,1463,953,20,['white'],9.5,16.755,medium altitude,temperate,abundant
maíz raza olotillo,Oaxaca,San Agustin Loxicha,San Vicente Yogondoy,1463,953,20,['creamy white'],10.45,17.92,medium altitude,temperate,abundant
maíz raza olotillo,Oaxaca,San Baltazar Loxicha,Paraje Bizjuane,997,929,22,"['creamy white', 'light yellow']",10.1,17.53,low,semi-warm,abundant
maíz raza olotillo,Chiapas,La Trinitaria,El Salvador,1720,1364,17,['white'],12,14.6,medium altitude,cold,very abundant
maíz raza olotillo,Veracruz de Ignacio de la Llave,Platon Sanchez,Platón Sánchez,62,1322,24,['yellow'],10,16,low,semi-warm,abundant
maíz raza olotillo,Chiapas,La Independencia,Rio Blanco,909,1579,22,['light yellow'],,,low,semi-warm,very abundant
maíz raza olotillo,Puebla,Tlaola,Chicohuaxtla,1194,2228,18,['creamy white'],10,16.4857142857143,low,temperate,very abundant
maíz raza olotillo,Guerrero,Tixtla de Guerrero,Cerca de la Localidad el Durazno,1923,1176,18,['creamy white'],10.8,19.3,high,cold,abundant
maíz raza olotillo,Chiapas,Berriozabal,Berriozabal,925,1000,23,['light yellow'],,,low,semi-warm,abundant
maíz raza olotillo,Chiapas,Berriozabal,Berriozabal,925,1000,23,['white'],9,16.3,low,semi-warm,abundant
maíz raza olotillo,Hidalgo,Agua Blanca de Iturbide,Ranchería Potrero Monroy,1792,1304,16,['orange-yellow'],10.6,16.38,medium altitude,cold,abundant
maíz raza olotillo,Chiapas,Frontera Comalapa,Cerca de Rodulfo Figueroa,586,1319,25,['white'],,,low,semi-warm,abundant
maíz raza olotillo,Chiapas,Comitan de Dominguez,"Jusnajab, la Laguna",1864,1142,16,['light yellow'],,,high,cold,abundant
maíz raza olotillo,Chiapas,La Independencia,San Marcos,1484,1270,18,['light yellow'],,,medium altitude,temperate,abundant
maíz raza olotillo,Veracruz de Ignacio de la Llave,Papantla,"Rancho la Playa, Salida Cerro de las Flores",12,1298,24,['creamy white'],12.2,18.9,low,semi-warm,abundant
maíz raza olotillo,Puebla,Chietla,Cerca de Derramadero,1182,720,23,['creamy white'],9.33333333333333,14.7166666666667,low,semi-warm,intermediate
maíz raza olotillo,Guerrero,Leonardo Bravo,Los Morros,2085,1395,17,['creamy white'],9.2,23,high,cold,very abundant
maíz raza olotillo,Oaxaca,Candelaria Loxicha,El Chilar,307,1083,25,['white'],10.5,14.505,low,hot,abundant
maíz raza olotillo,San Luis Potosi,Matlapa,Chalchocoyo,266,1628,23,"['white', 'yellow']",10.8,18.8,low,semi-warm,very abundant
maíz raza olotillo,San Luis Potosi,Matlapa,Chalchocoyo,266,1628,23,"['yellow', 'white']",9.33,17,low,semi-warm,very abundant
maíz raza olotillo,San Luis Potosi,Matlapa,Chalchocoyo,266,1628,23,"['yellow', 'white', 'blue']",9.2,18,low,semi-warm,very abundant
maíz raza olotillo,San Luis Potosi,Matlapa,Chalchocoyo,266,1628,23,"['yellow', 'orange-yellow', 'yellow', 'orange-yellow']",11.2,18,low,semi-warm,very abundant
maíz raza olotillo,San Luis Potosi,Matlapa,Chalchocoyo,266,1628,23,['yellow'],8,17,low,semi-warm,very abundant
maíz raza olotillo,San Luis Potosi,Matlapa,Chalchocoyo,266,1628,23,,,,low,semi-warm,very abundant
maíz raza olotillo,San Luis Potosi,Matlapa,Chalchocoyo,266,1628,23,['yellow'],9.6,14.8,low,semi-warm,very abundant
maíz raza olotillo,San Luis Potosi,Matlapa,Chalchocoyo,266,1628,23,"['yellow', 'brown']",10,15.5,low,semi-warm,very abundant
maíz raza olotillo,San Luis Potosi,Matlapa,Chalchocoyo,266,1628,23,['white'],11.6,17.2,low,semi-warm,very abundant
maíz raza olotillo,San Luis Potosi,Matlapa,Chalchocoyo,266,1628,23,"['yellow', 'red-orange']",10,14.5,low,semi-warm,very abundant
maíz raza olotillo,San Luis Potosi,Matlapa,Chalchocoyo,266,1628,23,"['yellow', 'white']",9.6,14.6,low,semi-warm,very abundant
maíz raza olotillo,Oaxaca,Santa Catarina Loxicha,Los Colorados,1086,929,22,,10.7,16.525,low,semi-warm,abundant
maíz raza olotillo,Hidalgo,Xochiatipan,El Zapote,533,1726,22,"['white', 'light yellow']",9.4,14.23,low,semi-warm,very abundant
maíz raza olotillo,Oaxaca,San Baltazar Loxicha,El Ocote,691,985,24,['creamy white'],10.08,17.584,low,semi-warm,abundant
maíz raza olotillo,Guerrero,Eduardo Neri,Tenantla,1762,1125,19,,,,medium altitude,temperate,abundant
maíz raza olotillo,San Luis Potosi,Tanlajas,San José Xilatzen,314,1474,24,"['creamy white', 'orange-yellow']",11,18.4,low,semi-warm,very abundant
maíz raza olotillo,San Luis Potosi,Axtla de Terrazas,Villa Terrazas,84,1552,24,['orange-yellow'],,,low,semi-warm,very abundant
maíz raza olotillo,San Luis Potosi,Axtla de Terrazas,Axtla,84,1552,24,['white'],,,low,semi-warm,very abundant
maíz raza olotillo,San Luis Potosi,Axtla de Terrazas,Villa Terrazas,84,1552,24,"['light yellow', 'red']",12,16,low,semi-warm,very abundant
maíz raza olotillo,San Luis Potosi,Axtla de Terrazas,Villa Terrazas,84,1552,24,['white'],,,low,semi-warm,very abundant
maíz raza olotillo,Puebla,Cuetzalan del Progreso,Santiago Yancuitlalpan,508,2493,22,['orange-yellow'],9.6,15.8,low,semi-warm,very abundant
maíz raza olotillo,Veracruz de Ignacio de la Llave,San Andres Tuxtla,"Ohuilapan, Comunidad Ohuilapan",116,1607,25,['creamy white'],10.2,17.37,low,semi-warm,very abundant
maíz raza olotillo,Hidalgo,Huejutla de Reyes,Los Otates,119,1359,24,"['orange-yellow', 'yellow', 'red-orange']",10.8,16.6,low,semi-warm,abundant
maíz raza olotillo,Oaxaca,San Bartolome Loxicha,Paso Ancho,175,1000,26,,10.1,19.125,low,hot,abundant
maíz raza olotillo,Oaxaca,San Miguel Tlacamama,San Miguel Tlacamama,256,1295,27,['light yellow'],8,17.7,low,hot,abundant
maíz raza olotillo,Oaxaca,San Miguel Tlacamama,San Miguel Tlacamama,256,1295,27,['white'],8,17.5,low,hot,abundant
maíz raza olotillo,Oaxaca,San Miguel Tlacamama,San Miguel Tlacamama,256,1295,27,['white'],8,18.9,low,hot,abundant
maíz raza olotillo,Oaxaca,San Miguel Tlacamama,San Miguel Tlacamama,256,1295,27,['white'],8,19.4,low,hot,abundant
maíz raza olotillo,Oaxaca,San Miguel Tlacamama,San Miguel Tlacamama,256,1295,27,['light yellow'],10,19.9,low,hot,abundant
maíz raza olotillo,Oaxaca,San Miguel Tlacamama,Tlacamama,256,1295,27,"['white', 'red']",9,13.4,low,hot,abundant
maíz raza olotillo,Oaxaca,San Miguel Tlacamama,San Miguel Tlacamama,256,1295,27,['light yellow'],12,18.5,low,hot,abundant
maíz raza olotillo,Oaxaca,San Miguel Tlacamama,San Miguel Tlacamama,256,1295,27,['light yellow'],8,16.9,low,hot,abundant
maíz raza olotillo,Oaxaca,San Miguel Tlacamama,San Miguel Tlacamama,256,1295,27,['white'],10,20.1,low,hot,abundant
maíz raza olotillo,Mexico,Tejupilco,Pantoja,1705,1058,19,['white'],10.8,18.27,medium altitude,temperate,abundant
maíz raza olotillo,Puebla,Xochiapulco,La Manzanilla,1838,1384,16,"['white', 'red', 'dark blue']",,,high,cold,very abundant
maíz raza olotillo,Puebla,Xochiapulco,La Manzanilla,1838,1384,16,"['white', 'dark blue']",,,high,cold,very abundant
maíz raza olotillo,Hidalgo,Agua Blanca de Iturbide,Ranchería Potrero Monroy,1767,1304,16,['creamy white'],11.2,16.65,medium altitude,cold,abundant
maíz raza olotillo,Hidalgo,Agua Blanca de Iturbide,Ranchería Potrero Monroy,1767,1304,16,['red'],12.8,15.64,medium altitude,cold,abundant
maíz raza olotillo,Oaxaca,Santa Catarina Loxicha,La Nueva Luz,643,974,24,['white'],9.2,13.245,low,semi-warm,abundant
maíz raza olotillo,Oaxaca,Santa Catarina Loxicha,La Nueva Luz,604,962,24,['white'],9.55,19.9,low,semi-warm,abundant
maíz raza olotillo,Veracruz de Ignacio de la Llave,Tantoyuca,El Mezquite,93,1223,24,['white'],9.2,18.6,low,semi-warm,abundant
maíz raza olotillo,Veracruz de Ignacio de la Llave,Tantoyuca,El Mezquite,93,1223,24,"['yellow', 'red-orange', 'yellow', 'red-orange']",9.6,14,low,semi-warm,abundant
maíz raza olotillo,Guerrero,La Union de Isidoro Montes de Oca,El Chico,45,996,27,['creamy white'],10.8,19.1,low,hot,abundant
maíz raza olotillo,Veracruz de Ignacio de la Llave,Benito Juarez,Beníto Juárez,267,1326,23,"['yellow', 'mottled']",10.4,16.6,low,semi-warm,abundant
maíz raza olotillo,Oaxaca,Candelaria Loxicha,Río Molino,613,1020,24,['light yellow'],9.75,17.81,low,semi-warm,abundant
maíz raza olotillo,Oaxaca,San Bartolome Loxicha,El Tapanco,733,1026,23,['creamy white'],10.15,17.875,low,semi-warm,abundant
maíz raza olotillo,Quintana Roo,Jose Maria Morelos,Ejido Tabasco,41,1187,25,['white'],,,low,hot,abundant
maíz raza olotillo,Oaxaca,Santa Catarina Loxicha,Cerro Toro,521,992,25,['white'],9.45,19.375,low,semi-warm,abundant
maíz raza olotillo,Oaxaca,San Agustin Loxicha,Piedra Cuache,369,1051,25,"['white', 'light yellow']",10.2,15.855,low,semi-warm,abundant
maíz raza olotillo,Chiapas,Venustiano Carranza,Belem,585,1124,25,['white'],10,15,low,semi-warm,abundant
maíz raza olotillo,Chiapas,Venustiano Carranza,"Belem, 3 Km Venustiano Carranza",585,1124,25,['white'],,,low,semi-warm,abundant
maíz raza olotillo,Puebla,Tecomatlan,San Miguel de Lozano,1009,658,24,"['creamy white', 'black']",10,17.6333333333333,low,semi-warm,intermediate
maíz raza olotillo,Puebla,Tuzamapan de Galeana,"En el Centro del Ejido Ricardo Flores Magón, Aledaño a la Localidad Ricardo Flores Magón",219,1908,24,['white'],,,low,semi-warm,very abundant
maíz raza olotillo,Puebla,Tuzamapan de Galeana,"En el Centro del Ejido Ricardo Flores Magón, Aledaño a la Localidad Ricardo Flores Magón",219,1908,24,['white'],,,low,semi-warm,very abundant
maíz raza olotillo,Puebla,Tuzamapan de Galeana,"En el Centro del Ejido Ricardo Flores Magón, Aledaño a la Localidad Ricardo Flores Magón",219,1908,24,['white'],10,,low,semi-warm,very abundant
maíz raza olotillo,Puebla,Tuzamapan de Galeana,"En el Centro del Ejido Flores Magón, Aledaño a la Localidad Ricardo Flores Magón, a 25 Km de Cuetzalan y Cerca de Reyeshogpan",219,1908,24,['white'],9,,low,semi-warm,very abundant
maíz raza olotillo,Puebla,Tuzamapan de Galeana,"En el Centro del Ejido Ricardo Flores Magón, Aledaño a la Localidad Ricardo Flores Magón",219,1908,24,['white'],,,low,semi-warm,very abundant
maíz raza olotillo,Puebla,Tuzamapan de Galeana,"En el Centro del Ejido Ricardo Flores Magón, Aledaño a la Localidad Ricardo Flores Magón",219,1908,24,['white'],,,low,semi-warm,very abundant
maíz raza olotillo,Puebla,Tuzamapan de Galeana,"En el Centro del Ejido Ricardo Flores Magón, Aledaño a la Localidad Ricardo Flores Magón",219,1908,24,['white'],,,low,semi-warm,very abundant
maíz raza olotillo,Puebla,Tuzamapan de Galeana,"En el Centro del Ejido Ricardo Flores Magón, Aledaño a la Localidad Ricardo Flores Magón",219,1908,24,['white'],,,low,semi-warm,very abundant
maíz raza olotillo,Veracruz de Ignacio de la Llave,Catemaco,San Juan Seco de Valencia,403,1721,23,['creamy white'],9.4,17.3,low,semi-warm,very abundant
maíz raza olotillo,San Luis Potosi,Axtla de Terrazas,"Ensenada, Chalco",102,1576,24,['yellow'],8.8,17.6,low,semi-warm,very abundant
maíz raza olotillo,San Luis Potosi,Axtla de Terrazas,"Ensenada, Chalco",102,1576,24,['yellow'],9.6,17.2,low,semi-warm,very abundant
maíz raza olotillo,San Luis Potosi,Axtla de Terrazas,"Ensenada, Chalco",102,1576,24,"['white', 'yellow', 'white', 'yellow']",10.4,17,low,semi-warm,very abundant
maíz raza olotillo,Veracruz de Ignacio de la Llave,Ixcatepec,Papatlalillo,194,1171,24,['white'],11.2,15.6,low,semi-warm,abundant
maíz raza olotillo,Veracruz de Ignacio de la Llave,Ixcatepec,Papatlalillo,194,1171,24,['yellow'],10.8,17.2,low,semi-warm,abundant
maíz raza olotillo,Veracruz de Ignacio de la Llave,Hueyapan de Ocampo,"Santa Rosa Cintepec, Carretera Catemaco-Acayucan",479,1705,23,['creamy white'],11,20.26,low,semi-warm,very abundant
maíz raza olotillo,Oaxaca,San Lucas Ojitlan,San José Laguna,95,2243,25,['white'],11,20,low,semi-warm,very abundant
maíz raza olotillo,Veracruz de Ignacio de la Llave,Papantla,"Benito Juárez, Comunidad Benito Juárez",196,1631,23,['creamy white'],11.6,19.02,low,semi-warm,very abundant
maíz raza olotillo,Oaxaca,Villa de Tututepec,Santa Ana Tututepec,443,1323,26,['white'],12,18,low,hot,abundant
maíz raza olotillo,Oaxaca,Villa de Tututepec,Santa Ana Tututepec,443,1323,26,['white'],9,17.1,low,hot,abundant
maíz raza olotillo,Oaxaca,Villa de Tututepec,Santa Ana Tututepec,443,1323,26,['light yellow'],11,18.2,low,hot,abundant
maíz raza olotillo,Guerrero,Chilapa de Alvarez,Ayahualulco,1420,1126,21,['creamy white'],9.6,15.4,medium altitude,temperate,abundant
maíz raza olotillo,Oaxaca,San Baltazar Yatzachi el Bajo,Hidalgo Yalalag,790,1040,23,"['white', 'dark blue']",9,15.1,low,semi-warm,abundant
maíz raza olotillo,Oaxaca,Candelaria Loxicha,El Caulote,160,1058,26,['creamy white'],10.7,17.53,low,hot,abundant
maíz raza olotillo,Veracruz de Ignacio de la Llave,San Andres Tuxtla,"Mazumiapan, Carretera Rincón de Zapatero-el Laurel",22,1318,25,['light yellow'],10.4,14.23,low,hot,abundant
maíz raza olotillo,Veracruz de Ignacio de la Llave,San Andres Tuxtla,"Mazumiapan, Carretera Rincón de Zapatero-el Laurel",22,1318,25,['creamy white'],10.8,16.05,low,hot,abundant
maíz raza olotillo,Veracruz de Ignacio de la Llave,San Andres Tuxtla,"Mazumiapan, Carretera Rincón de Zapatero-el Laurel",22,1318,25,['creamy white'],11.4,16.13,low,hot,abundant
maíz raza olotillo,Oaxaca,San Bartolome Loxicha,El Tamarindo,440,1032,24,['white'],9.7,17.945,low,semi-warm,abundant
maíz raza olotillo,Veracruz de Ignacio de la Llave,Catemaco,La Candelaria,480,1730,23,['creamy white'],10.6,12.9,low,semi-warm,very abundant
maíz raza olotillo,Veracruz de Ignacio de la Llave,Catemaco,La Candelaria,480,1730,23,['creamy white'],11.2,12.2,low,semi-warm,very abundant
maíz raza olotillo,Veracruz de Ignacio de la Llave,Tuxpan,"San José el Grande, 1 Km de la Congregación Dirección Noroeste",153,1308,23,['creamy white'],10.4,20.55,low,semi-warm,abundant
maíz raza olotillo,Oaxaca,San Baltazar Loxicha,Santa Martha Loxicha,709,986,24,['creamy white'],10.1,17.545,low,semi-warm,abundant
maíz raza olotillo,Oaxaca,Santa Maria Huatulco,Bajos de Coyula,19,1125,26,['light yellow'],11,17.2,low,hot,abundant
maíz raza olotillo,Oaxaca,Santa Maria Huatulco,Bajos de Coyula,19,1125,26,['white'],11,14.9,low,hot,abundant
maíz raza olotillo,Oaxaca,Santa Catarina Loxicha,La Nueva Luz,440,997,25,['light yellow'],9.6,16.225,low,semi-warm,abundant
maíz raza olotillo,Oaxaca,Santa Catarina Loxicha,La Nueva Luz,440,997,25,['medium yellow'],8.7,17.525,low,semi-warm,abundant
maíz raza olotillo,Chiapas,Salto de Agua,Buena Vista,77,2255,26,"['white', 'blue']",12,17,low,hot,very abundant
maíz raza olotillo,Chiapas,Salto de Agua,Buena Vista,77,2255,26,['light yellow'],11,17,low,hot,very abundant
maíz raza olotillo,Puebla,Tilapa,Colonia San Miguel Tilapa,1239,720,22,['creamy white'],10.3333333333333,,medium altitude,semi-warm,intermediate
maíz raza olotillo,Hidalgo,San Felipe Orizatlan,Texcatla,212,1686,24,['medium yellow'],9.6,15.11,low,semi-warm,very abundant
maíz raza olotillo,Guerrero,Olinala,San Lázaro,1769,931,20,['creamy white'],12.4,18.2,medium altitude,temperate,abundant
maíz raza olotillo,Oaxaca,San Mateo Rio Hondo,El Cuachepil,2383,1184,15,"['creamy white', 'light yellow']",9.85,16.38,high,cold,abundant
maíz raza olotillo,Guerrero,Chilapa de Alvarez,Zoquiapa,1792,1140,19,['creamy white'],10.8,17.2,medium altitude,temperate,abundant
maíz raza olotillo,Hidalgo,Yahualica,Mecatlán,446,1557,23,['white'],10,16.8,low,semi-warm,very abundant
maíz raza olotillo,Hidalgo,Yahualica,Mecatlán,446,1557,23,"['yellow', 'red-orange']",11.6,17.8,low,semi-warm,very abundant
maíz raza olotillo,Hidalgo,Yahualica,Mecatlán,446,1557,23,"['yellow', 'orange-yellow']",10.4,16,low,semi-warm,very abundant
maíz raza olotillo,Hidalgo,Yahualica,Mecatlán,446,1557,23,"['yellow', 'orange-yellow']",10.4,14.8,low,semi-warm,very abundant
maíz raza olotillo,Guerrero,San Luis Acatlan,Tuxtepec,868,2140,23,['dark blue'],11,16.16,low,semi-warm,very abundant
maíz raza olotillo,Veracruz de Ignacio de la Llave,Mecayapan,"Al Sur de la Localidad Cerro de la Palma, Carretera Federal Libre a Mecayapan",153,1728,25,['creamy white'],12,17.2,low,hot,very abundant
maíz raza olotillo,Veracruz de Ignacio de la Llave,Mecayapan,"Al Sur de la Localidad Cerro de la Palma, Carretera Federal Libre a Mecayapan",153,1728,25,['creamy white'],12.8,14.78,low,hot,very abundant
maíz raza olotillo,Guerrero,San Luis Acatlan,Cerca de Yoloxochitl,284,1574,26,['creamy white'],13.6,17.6,low,hot,very abundant
maíz raza olotillo,Guerrero,San Luis Acatlan,Cerca de Yoloxochitl,284,1574,26,['creamy white'],11.33,16,low,hot,very abundant
maíz raza olotillo,Guerrero,San Luis Acatlan,Cerca de Yoloxochitl,284,1574,26,['creamy white'],11.33,19.83,low,hot,very abundant
maíz raza olotillo,Guerrero,San Luis Acatlan,Los Achotes,284,1574,26,['creamy white'],11.33,18.66,low,hot,very abundant
maíz raza olotillo,Guanajuato,Xichu,Organitos,1158,523,21,['white'],10,20.05,low,semi-warm,low
maíz raza olotillo,Veracruz de Ignacio de la Llave,San Andres Tuxtla,"Coyoltepec, Camino Ejidal Tilapan-Río Tuxtla",39,1401,25,['light yellow'],12.8,14.9,low,hot,very abundant
maíz raza olotillo,Durango,Mezquital,Huazamota,601,829,25,"['white', 'light yellow']",10,17,low,hot,intermediate
maíz raza olotillo,Oaxaca,San Bartolome Loxicha,La Chinilla,661,1028,23,['creamy white'],9.35,17.135,low,semi-warm,abundant
maíz raza olotillo,Hidalgo,Huautla,"Chalingo, Barrio Palmar",237,1320,23,"['yellow', 'orange-yellow', 'red-orange', 'yellow', 'orange-yellow', 'red-orange']",10.4,16.6,low,semi-warm,abundant
maíz raza olotillo,Hidalgo,Huautla,Chalingo,237,1320,23,"['orange-yellow', 'yellow']",10,16,low,semi-warm,abundant
maíz raza olotillo,Hidalgo,Huautla,Chalingo,237,1320,23,"['yellow', 'orange-yellow', 'red-orange', 'yellow', 'orange-yellow', 'red-orange']",9.6,13.8,low,semi-warm,abundant
maíz raza olotillo,Puebla,Tenampulco,Cerca de el Chacal,87,1625,24,['creamy white'],12.6,18.91,low,semi-warm,very abundant
maíz raza olotillo,Veracruz de Ignacio de la Llave,Benito Juarez,Cerca de la Reforma,378,1569,23,['creamy white'],10.2,17.21,low,semi-warm,very abundant
maíz raza olotillo,Guerrero,Olinala,Olinala,1336,934,22,['white'],11.2,19.1,medium altitude,semi-warm,abundant
maíz raza olotillo,Chiapas,Totolapa,Totolapa,661,954,25,['white'],,,low,semi-warm,abundant
maíz raza olotillo,Chiapas,Venustiano Carranza,Sayotitán,1001,1195,23,"['white', 'dark blue']",,,low,semi-warm,abundant
maíz raza olotillo,Oaxaca,San Baltazar Loxicha,Santa Úrsula,855,958,23,,9.6,17.85,low,semi-warm,abundant
maíz raza olotillo,Coahuila de Zaragoza,General Cepeda,Pilar de Richarson,1204,273,19,,10,15.05,medium altitude,temperate,scarce
maíz raza olotillo,Hidalgo,Huautla,Chalingo,227,1320,23,['medium yellow'],9.2,16.06,low,semi-warm,abundant
maíz raza olotillo,Oaxaca,Candelaria Loxicha,Los Horcones,191,1060,25,['creamy white'],10.3,15.01,low,hot,abundant
maíz raza olotillo,Puebla,Tilapa,Cerca de Derramadero,1204,724,22,['creamy white'],10,15,medium altitude,semi-warm,intermediate
maíz raza olotillo,Oaxaca,Candelaria Loxicha,Barrio Coyote,162,1049,26,['white'],9.2,14.308,low,hot,abundant
maíz raza olotillo,Puebla,Tlaola,Chicohuaxtla,1199,2228,18,['creamy white'],10.6666666666667,16.0333333333333,low,temperate,very abundant
maíz raza olotillo,Guerrero,Tecoanapa,Cerca de Buena Vista de Allende,401,1497,26,['creamy white'],12.4,14.98,low,hot,very abundant
maíz raza olotillo,Veracruz de Ignacio de la Llave,Chicontepec,Tlanempa Común,107,1251,24,"['yellow', 'red-orange', 'orange-yellow']",11.2,17,low,semi-warm,abundant
maíz raza olotillo,Veracruz de Ignacio de la Llave,Catemaco,"La Candelaria, Carretera San Andrés-Acayucan. Desviación la Candelaria",493,1730,23,['creamy white'],10,13.78,low,semi-warm,very abundant
maíz raza olotillo,Hidalgo,Atlapexco,Tenexco II,302,1415,23,['creamy white'],9.6,15.87,low,semi-warm,very abundant
maíz raza olotillo,Oaxaca,San Pedro Jicayan,San Pedro Jicayán,404,1390,26,['white'],9,18.1,low,hot,very abundant
maíz raza olotillo,Oaxaca,San Pedro Jicayan,San Pedro Jicayán,404,1390,26,['light yellow'],8,17.1,low,hot,very abundant
maíz raza olotillo,Oaxaca,San Pedro Jicayan,San Pedro Jicayán,404,1390,26,['blue'],9,17.1,low,hot,very abundant
maíz raza olotillo,Oaxaca,San Pedro Jicayan,San Pedro Jicayán,404,1390,26,['light yellow'],8,16,low,hot,very abundant
maíz raza olotillo,Chiapas,Las Rosas,Cerca de Villa las Rosas,1315,1332,20,"['light yellow', 'medium yellow', 'orange-yellow']",9.2,20.71,medium altitude,temperate,abundant
maíz raza olotillo,Chiapas,Frontera Comalapa,Cerca de San Caralampio,587,1335,25,['white'],,,low,semi-warm,abundant
maíz raza olotillo,Oaxaca,San Juan Bautista Valle Nacional,Cerro Marín,74,2421,25,,,,low,semi-warm,very abundant
maíz raza olotillo,Oaxaca,San Antonio Huitepec,San Francisco Yucucundo,2313,886,16,['white'],10,16.8,high,cold,abundant
maíz raza olotillo,Oaxaca,San Baltazar Loxicha,El Ocote,735,977,24,,11.1,17.275,low,semi-warm,abundant
maíz raza olotillo,Guerrero,Tecoanapa,Lagunillas,389,1489,26,['creamy white'],12,16.06,low,hot,very abundant
maíz raza olotillo,Oaxaca,Santa Catarina Loxicha,El Respondón,881,935,23,['white'],8.9,16.125,low,semi-warm,abundant
maíz raza olotillo,Oaxaca,San Bartolome Loxicha,La Chinilla,842,1028,23,['creamy white'],9.27777777777778,17.7833333333333,low,semi-warm,abundant
maíz raza olotillo,Guerrero,Atoyac de Alvarez,Rio Santiago,695,1485,24,['creamy white'],10,16.66,low,semi-warm,very abundant
maíz raza olotillo,Guerrero,Atoyac de Alvarez,Rio Santiago,695,1485,24,['white'],12,17.26,low,semi-warm,very abundant
maíz raza olotillo,San Luis Potosi,Rayon,"Milpa Vieja, Ejido Rayón",979,688,21,"['creamy white', 'light yellow']",,,low,temperate,intermediate
maíz raza olotillo,Chiapas,Tuxtla Gutierrez,Emiliano Zapata,912,1007,23,['orange-yellow'],,,low,semi-warm,abundant
maíz raza olotillo,Oaxaca,Santa Catarina Loxicha,Jardín del Sur,611,970,24,['creamy white'],9.6,17.47,low,semi-warm,abundant
maíz raza olotillo,Hidalgo,Huautla,Coatempa,189,1318,23,['red-orange'],9.2,15.8,low,semi-warm,abundant
maíz raza olotillo,Guerrero,Cualac,Chiaucingo (Chapancingo),1370,936,22,['creamy white'],10.8,16.2,medium altitude,semi-warm,abundant
maíz raza olotillo,Oaxaca,Santa Maria Jacatepec,La Joya,121,2249,25,['creamy white'],11,20,low,semi-warm,very abundant
maíz raza olotillo,Oaxaca,Santa Maria Jacatepec,La Joya,121,2249,25,['white'],10,20,low,semi-warm,very abundant
maíz raza olotillo,Oaxaca,Santa Maria Jacatepec,La Joya,121,2249,25,['medium yellow'],12,20,low,semi-warm,very abundant
maíz raza olotillo,Veracruz de Ignacio de la Llave,Ixcatepec,Siete Palmas,265,1205,24,['white'],9.6,18.2,low,semi-warm,abundant
maíz raza olotillo,Veracruz de Ignacio de la Llave,Ixcatepec,Siete Palmas,265,1205,24,"['yellow', 'red-orange', 'yellow', 'red-orange']",9.6,14.8,low,semi-warm,abundant
maíz raza olotillo,Veracruz de Ignacio de la Llave,Ixcatepec,Siete Palmas,265,1205,24,['white'],8.8,16.6,low,semi-warm,abundant
maíz raza olotillo,Veracruz de Ignacio de la Llave,Ixcatepec,Siete Palmas,265,1205,24,"['yellow', 'red-orange', 'yellow', 'red-orange']",8.8,15,low,semi-warm,abundant
maíz raza olotillo,Veracruz de Ignacio de la Llave,Ixcatepec,Siete Palmas,265,1205,24,['white'],8.8,16.8,low,semi-warm,abundant
maíz raza olotillo,Veracruz de Ignacio de la Llave,Ixcatepec,Siete Palmas,265,1205,24,['white'],11.6,18.4,low,semi-warm,abundant
maíz raza olotillo,Veracruz de Ignacio de la Llave,Benito Juarez,Cerca de Hueycotitla,308,1358,23,['creamy white'],9.6,15.72,low,semi-warm,abundant
maíz raza olotillo,Chiapas,Suchiapa,Cerca de Pacú,451,1001,26,['white'],8.22222222222222,19.2111111111111,low,hot,abundant
maíz raza olotillo,Chiapas,Suchiapa,Cerca de Pacú,451,1001,26,"['light yellow', 'medium yellow', 'orange-yellow']",8,16.8222222222222,low,hot,abundant
maíz raza olotillo,Oaxaca,San Pablo Coatlan,Villa Tierra,877,932,23,['light yellow'],10.5,17.6,low,semi-warm,abundant
maíz raza olotillo,Campeche,Hecelchakan,Cumpich,34,1161,25,,,,low,hot,abundant
maíz raza olotillo,Oaxaca,Santa Catarina Loxicha,Río Enmedio,547,969,24,['creamy white'],9.44,20.092,low,semi-warm,abundant
maíz raza olotillo,Oaxaca,Santa Catarina Loxicha,Río Enmedio,547,969,24,['white'],9.6,17,low,semi-warm,abundant
maíz raza olotillo,Oaxaca,Santa Catarina Loxicha,Río Enmedio,547,969,24,['white'],10.2,15.3,low,semi-warm,abundant
maíz raza olotillo,Hidalgo,Metztitlan,La Rivera,1740,553,17,['creamy white'],11.2,14.73,medium altitude,cold,low
maíz raza olotillo,Oaxaca,San Bartolome Loxicha,La Chinilla,515,1022,24,['creamy white'],9.75,17.92,low,semi-warm,abundant
maíz raza olotillo,Guerrero,San Luis Acatlan,Horcasitas (Atotonilco de Hoscasitas),353,1657,26,['creamy white'],12.5,18.25,low,hot,very abundant
maíz raza olotillo,Guerrero,San Luis Acatlan,Horcasitas (Atotonilco de Hoscasitas),353,1657,26,['creamy white'],14.83,17.83,low,hot,very abundant
maíz raza olotillo,San Luis Potosi,Guadalcazar,Guadalcazar,1633,543,18,['creamy white'],8.4,18.15,medium altitude,cold,low
maíz raza olotillo,Oaxaca,Santa Catarina Loxicha,La Chivela,1124,938,22,"['white', 'light yellow']",9.84,15.592,low,semi-warm,abundant
maíz raza olotillo,San Luis Potosi,Tampacan,Chupadero,179,1541,24,"['yellow', 'orange-yellow']",10.4,19.4,low,semi-warm,very abundant
maíz raza olotillo,San Luis Potosi,Tampacan,Chupadero,179,1541,24,"['yellow', 'orange-yellow']",10,14,low,semi-warm,very abundant
maíz raza olotillo,Puebla,Jonotla,San Antonio Rayón,148,1927,24,['creamy white'],12.6,17.18,low,semi-warm,very abundant
maíz raza olotillo,Oaxaca,Santa Catarina Juquila,San Marcos Zacatepec,800,1247,24,"['white', 'light yellow']",14,18.5,low,semi-warm,abundant
maíz raza olotillo,Oaxaca,Santa Catarina Juquila,San Marcos Zacatepec,800,1247,24,['white'],13,17.9,low,semi-warm,abundant
maíz raza olotillo,Oaxaca,Santa Catarina Juquila,San Marcos Zacatepec,800,1247,24,['white'],14,17.7,low,semi-warm,abundant
maíz raza olotillo,Oaxaca,Santa Catarina Juquila,San Marcos Zacatepec,800,1247,24,['light yellow'],10,13.2,low,semi-warm,abundant
maíz raza olotillo,Oaxaca,Santa Catarina Juquila,San Marcos Zacatepec,800,1247,24,['light yellow'],12,18.3,low,semi-warm,abundant
maíz raza olotillo,Oaxaca,Santa Catarina Loxicha,Río Enmedio,563,970,24,['creamy white'],9.55,17.315,low,semi-warm,abundant
maíz raza olotillo,Oaxaca,Santa Catarina Loxicha,Río Enmedio,563,970,24,['creamy white'],9.92,18.172,low,semi-warm,abundant
maíz raza olotillo,Oaxaca,Santa Catarina Loxicha,Río Enmedio,563,970,24,['white'],10.3,14.53,low,semi-warm,abundant
maíz raza olotillo,Guerrero,Ometepec,Cerca de Cochoapa (al E de la Localidad),366,1449,26,,,,low,hot,very abundant
maíz raza olotillo,Oaxaca,Candelaria Loxicha,Barrio Coyote,156,1049,26,['white'],11.3,18.07,low,hot,abundant
maíz raza olotillo,Hidalgo,Chapulhuacan,Chapulhuacan,638,1374,23,['light yellow'],,,low,semi-warm,very abundant
maíz raza olotillo,Morelos,Coatetelco,Coatetelco,973,909,23,['white'],,,low,semi-warm,abundant
maíz raza olotillo,Puebla,Zacapoaxtla,Xalacapan,1637,1824,16,['white'],10,,medium altitude,cold,very abundant
maíz raza olotillo,Puebla,Zacapoaxtla,"Xalacapan, 3 Km de Zacapoaxtla",1637,1824,16,['white'],10,,medium altitude,cold,very abundant
maíz raza olotillo,Puebla,Zacapoaxtla,"Xalacapan, 3 Km de Zacapoaxtla",1637,1824,16,['white'],10,,medium altitude,cold,very abundant
maíz raza olotillo,Puebla,Zacapoaxtla,"Xalacapan, 3 Km de Zacapoaxtla",1637,1824,16,"['white', 'light yellow', 'red', 'dark blue']",11,,medium altitude,cold,very abundant
maíz raza olotillo,Puebla,Zacapoaxtla,Xalacapan,1637,1824,16,['white'],10,,medium altitude,cold,very abundant
maíz raza olotillo,Veracruz de Ignacio de la Llave,Hueyapan de Ocampo,"La Esperanza, Camino Santa Rosa Cintepec-Juan Díaz Cobarruvias",174,1556,25,['creamy white'],11.6,19.2,low,semi-warm,very abundant
maíz raza olotillo,Oaxaca,San Bartolome Loxicha,La Chinilla,534,1022,24,['creamy white'],10.24,13.376,low,semi-warm,abundant
maíz raza olotillo,Chiapas,Tuxtla Gutierrez,Rivera de Nambia,466,1007,26,['light yellow'],,,low,hot,abundant
maíz raza olotillo,Oaxaca,San Agustin Loxicha,El Tejocote,1041,900,22,['orange-yellow'],10.08,15.86,low,semi-warm,abundant
maíz raza olotillo,Oaxaca,San Agustin Loxicha,El Tejocote,1041,900,22,"['white', 'light yellow']",9.88,14.96,low,semi-warm,abundant
maíz raza olotillo,Oaxaca,Santa Cruz Zenzontepec,"Barrio de Abajo, Quinicuano",706,1494,25,['white'],9,14.9,low,semi-warm,very abundant
maíz raza olotillo,Oaxaca,Santa Cruz Zenzontepec,"Barrio de Abajo, Quinicuano",706,1494,25,['white'],13,18.1,low,semi-warm,very abundant
maíz raza olotillo,Oaxaca,Santa Cruz Zenzontepec,"Barrio de Abajo, Quinicuano",706,1494,25,['light yellow'],13,17.3,low,semi-warm,very abundant
maíz raza olotillo,Oaxaca,Santa Cruz Zenzontepec,"Barrio de Abajo, Quinicuano",706,1494,25,['white'],11,15.4,low,semi-warm,very abundant
maíz raza olotillo,Oaxaca,Santa Catarina Juquila,San José Ixtapan,733,1156,25,['white'],10,15.3,low,semi-warm,abundant
maíz raza olotillo,Oaxaca,Santa Catarina Juquila,San José Ixtapan,733,1156,25,['white'],11,17.9,low,semi-warm,abundant
maíz raza olotillo,Oaxaca,Santa Catarina Juquila,San José Ixtapan,733,1156,25,['white'],9,15.4,low,semi-warm,abundant
maíz raza olotillo,Puebla,Zoquiapan,Zoquiapan,1076,2366,19,"['white', 'dark blue']",10,,low,temperate,very abundant
maíz raza olotillo,Puebla,Zoquiapan,Zoquiapan,1076,2366,19,"['white', 'light yellow', 'dark blue']",10,,low,temperate,very abundant
maíz raza olotillo,Veracruz de Ignacio de la Llave,Benito Juarez,Cerca de Tlatlapango el Grande,356,1495,23,['creamy white'],9.2,17.82,low,semi-warm,very abundant
maíz raza olotillo,Chiapas,San Lucas,El Zapotal,677,948,25,['light yellow'],11,18.1,low,semi-warm,abundant
maíz raza olotillo,Chiapas,San Lucas,El Zapotal,677,948,25,['light yellow'],10,17.5,low,semi-warm,abundant
maíz raza olotillo,Chiapas,San Lucas,El Zapotal,677,948,25,['white'],10,16.1,low,semi-warm,abundant
maíz raza olotillo,Chiapas,San Lucas,El Zapotal,677,948,25,['white'],10,19.7,low,semi-warm,abundant
maíz raza olotillo,Chiapas,San Lucas,El Zapotal,677,948,25,['white'],9,21,low,semi-warm,abundant
maíz raza olotillo,Chiapas,San Lucas,El Zapotal,677,948,25,['white'],8,11.3,low,semi-warm,abundant
maíz raza olotillo,Chiapas,San Lucas,El Zapotal,677,948,25,['light yellow'],10,17.9,low,semi-warm,abundant
maíz raza olotillo,Oaxaca,Santa Catarina Loxicha,San José del Peñasco,711,951,24,['white'],9.3,17.56,low,semi-warm,abundant
maíz raza olotillo,Hidalgo,Agua Blanca de Iturbide,San Cornelio,1582,1472,17,['creamy white'],13.4,17.5,medium altitude,cold,very abundant
maíz raza olotillo,Oaxaca,San Bartolome Loxicha,Llano de Hombre,1189,1009,22,['light yellow'],11.3,12.975,low,semi-warm,abundant
maíz raza olotillo,Oaxaca,Santa Catarina Loxicha,Jardín del Sur,558,970,24,['light yellow'],10.3157894736842,11.3894736842105,low,semi-warm,abundant
maíz raza olotillo,Guerrero,Zihuatanejo de Azueta,Agua de Correa,380,1117,25,"['white', 'light yellow']",,,low,hot,abundant
maíz raza olotillo,Oaxaca,San Baltazar Loxicha,Santa Martha Loxicha,813,986,24,,9.45,19.165,low,semi-warm,abundant
maíz raza olotillo,Puebla,Acateno,Cerca de la Esmeralda (Finca la Esmeralda),104,1718,24,['creamy white'],9.8,15.37,low,semi-warm,very abundant
maíz raza olotillo,Queretaro,Pinal de Amoles,Ahuacatlán de Guadalupe,1101,592,22,"['blue', 'dark blue']",13.4,18.2,low,semi-warm,low
maíz raza olotillo,Queretaro,Pinal de Amoles,Ahuacatlán de Guadalupe,1101,592,22,"['light yellow', 'orange-yellow']",13,16.4,low,semi-warm,low
maíz raza olotillo,Guerrero,La Union de Isidoro Montes de Oca,La Unión,71,963,27,['creamy white'],12.8,17.1,low,hot,abundant
maíz raza olotillo,Chiapas,Teopisca,Nuevo Leon,1135,1267,22,['white'],,,low,semi-warm,abundant
maíz raza olotillo,Puebla,Zacapoaxtla,Tahitic,1433,2081,17,"['white', 'light yellow', 'dark blue']",,,medium altitude,cold,very abundant
maíz raza olotillo,Veracruz de Ignacio de la Llave,San Andres Tuxtla,"El Remolino, Camino los Naranjos-Popotal",34,1354,25,"['orange-yellow', 'orange']",10.6,17.06,low,hot,abundant
maíz raza olotillo,Veracruz de Ignacio de la Llave,San Andres Tuxtla,Santa Rosa Abata,534,1782,23,['creamy white'],11.4,18.8,low,semi-warm,very abundant
maíz raza olotillo,Oaxaca,San Baltazar Loxicha,Santa Úrsula,851,958,23,['creamy white'],10.95,16.77,low,semi-warm,abundant
maíz raza olotillo,Oaxaca,San Bartolome Loxicha,La Chinilla,803,1028,23,,9.9,19.275,low,semi-warm,abundant
maíz raza olotillo,San Luis Potosi,Coxcatlan,Barrio la Palma,185,1536,24,['light yellow'],11,17.2,low,semi-warm,very abundant
maíz raza olotillo,Oaxaca,Santa Catarina Loxicha,El Comején,1113,954,21,"['white', 'medium yellow']",9.9,17.46,low,semi-warm,abundant
maíz raza olotillo,San Luis Potosi,Huehuetlan,Huehuetlán,373,1504,23,"['white', 'yellow']",11.2,19.2,low,semi-warm,very abundant
maíz raza olotillo,Chiapas,Suchiapa,Cerca de Pacú,446,1001,26,['creamy white'],8.4,18.59,low,hot,abundant
maíz raza olotillo,Veracruz de Ignacio de la Llave,San Andres Tuxtla,"Cuesta Amarilla, Carretera el Salto-Abrevadero",99,1544,25,['creamy white'],11.6,16.15,low,semi-warm,very abundant
maíz raza olotillo,Oaxaca,Acatlan de Perez Figueroa,Tembladera del Castillo,84,1972,25,"['white', 'light yellow']",11,20,low,hot,very abundant
maíz raza olotillo,Puebla,Acateno,Ejido Palo Gacho,378,2044,23,['creamy white'],10.75,14.6,low,semi-warm,very abundant
maíz raza olotillo,Puebla,Acateno,Ejido Palo Gacho,378,2044,23,['creamy white'],10.5,15.6375,low,semi-warm,very abundant
maíz raza olotillo,Guerrero,Ometepec,"Cerca de San Francisco (la Palma, al SW de la Localidad)",279,1345,27,,,,low,hot,abundant
maíz raza olotillo,Oaxaca,San Baltazar Loxicha,El Ocote,679,985,24,['creamy white'],10.24,19.64,low,semi-warm,abundant
maíz raza olotillo,Veracruz de Ignacio de la Llave,Benito Juarez,Hueycuatitla,322,1498,23,"['yellow', 'white', 'yellow', 'white']",10,16.4,low,semi-warm,very abundant
maíz raza olotillo,San Luis Potosi,Tamazunchale,Ranchería el Sol,145,1707,24,['orange-yellow'],,,low,semi-warm,very abundant
maíz raza olotillo,San Luis Potosi,Tamazunchale,Ranchería el Sol,145,1707,24,,,,low,semi-warm,very abundant
maíz raza olotillo,Oaxaca,San Bartolome Loxicha,Piedra Grande,1209,1046,21,['creamy white'],11.2,17.33,medium altitude,temperate,abundant
maíz raza olotillo,Oaxaca,Candelaria Loxicha,Barrio Coyote,159,1049,26,"['white', 'light yellow']",9.95,14.91,low,hot,abundant
maíz raza olotillo,Hidalgo,Huazalingo,Otecoch,457,1500,23,['orange-yellow'],8.8,15.2,low,semi-warm,very abundant
maíz raza olotillo,Puebla,Tilapa,Colonia San Miguel Tilapa,1237,720,22,['creamy white'],9.33333333333333,12.1166666666667,medium altitude,semi-warm,intermediate
maíz raza olotillo,Oaxaca,Santa Catarina Loxicha,San Antonio Cofradía,856,940,24,"['white', 'light yellow']",9.4,16.525,low,semi-warm,abundant
maíz raza olotillo,Hidalgo,Molango de Escamilla,Molango,1615,617,17,"['white', 'light yellow', 'orange']",,,medium altitude,cold,low
maíz raza olotillo,Oaxaca,Putla Villa de Guerrero,Jicaltepec,890,1634,23,['dark blue'],9.1,13.2,low,semi-warm,very abundant
maíz raza olotillo,Oaxaca,Putla Villa de Guerrero,Jicaltepec,890,1634,23,"['white', 'red']",10,17.1,low,semi-warm,very abundant
maíz raza olotillo,Morelos,Coatetelco,Cerca de Coatetelco,971,907,23,['white'],,,low,semi-warm,abundant
maíz raza olotillo,Hidalgo,Atlapexco,"Cochiscuatitla, Teixcoapa",336,1443,23,['yellow'],9.2,14.4,low,semi-warm,very abundant
maíz raza olotillo,Hidalgo,Atlapexco,Cochiscuatitla,336,1443,23,"['yellow', 'yellow']",10.4,16.6,low,semi-warm,very abundant
maíz raza olotillo,Hidalgo,Atlapexco,"Cochiscuatitla, Caljtarepa",336,1443,23,"['yellow', 'orange-yellow']",10,15.6,low,semi-warm,very abundant
maíz raza olotillo,Hidalgo,Atlapexco,Cochiscuatitla,336,1443,23,"['yellow', 'white']",9.4,15,low,semi-warm,very abundant
maíz raza olotillo,Mexico,Malinalco,San Sebastian,2054,1129,17,['white'],8,15.04,high,cold,abundant
maíz raza olotillo,Guerrero,Coyuca de Benitez,Atoyaquillo,132,1130,26,['creamy white'],13.2,18.5,low,hot,abundant
maíz raza olotillo,Guerrero,Coyuca de Benitez,Atoyaquillo,132,1130,26,['creamy white'],12,17,low,hot,abundant
maíz raza olotillo,Oaxaca,San Juan Bautista Tuxtepec,Mazín Chico,67,2240,25,['white'],11,18,low,semi-warm,very abundant
maíz raza olotillo,Oaxaca,San Juan Bautista Tuxtepec,Mazín Chico,67,2240,25,['white'],12,22,low,semi-warm,very abundant
maíz raza olotillo,Oaxaca,San Juan Bautista Tuxtepec,Mazín Chico,67,2240,25,['white'],12,19,low,semi-warm,very abundant
maíz raza olotillo,Puebla,Acateno,La Palma,320,2056,23,['creamy white'],13.1111111111111,17.0333333333333,low,semi-warm,very abundant
maíz raza olotillo,Oaxaca,San Bartolome Loxicha,La Chinilla,809,1031,23,['creamy white'],9.5,19.725,low,semi-warm,abundant
maíz raza olotillo,Oaxaca,Santa Catarina Loxicha,La Nueva Esperanza,852,909,23,['white'],11.2,16.525,low,semi-warm,abundant
maíz raza olotillo,Veracruz de Ignacio de la Llave,Benito Juarez,Ejido Coachumo,325,1413,23,"['yellow', 'red-orange', 'white']",10,16.4,low,semi-warm,very abundant
maíz raza olotillo,Oaxaca,San Baltazar Loxicha,El Ocote,691,984,24,['orange-yellow'],9.84,15.056,low,semi-warm,abundant
maíz raza olotillo,Oaxaca,Candelaria Loxicha,Barrio Coyote,161,1049,26,['white'],11.95,15.665,low,hot,abundant
maíz raza olotillo,Puebla,Zacapoaxtla,Tatoxcac,1905,1249,15,"['white', 'light yellow', 'dark blue']",,20,high,cold,abundant
maíz raza olotillo,Veracruz de Ignacio de la Llave,Hueyapan de Ocampo,"Santa Rosa Cintepec, Carretera Catemaco-Acayucan",483,1705,23,['creamy white'],10.2,17.1,low,semi-warm,very abundant
maíz raza olotillo,Oaxaca,Santa Catarina Loxicha,San José del Peñasco,639,964,24,['white'],9.3,20.025,low,semi-warm,abundant
maíz raza olotillo,Oaxaca,Santa Catarina Loxicha,San José del Peñasco,639,964,24,['creamy white'],9.7,18.81,low,semi-warm,abundant
maíz raza olotillo,Oaxaca,Candelaria Loxicha,Río los Peces,388,1084,25,['medium yellow'],9.72,17.632,low,semi-warm,abundant
maíz raza olotillo,Oaxaca,Candelaria Loxicha,Río los Peces,388,1084,25,"['white', 'light yellow']",10.5,15.81,low,semi-warm,abundant
maíz raza olotillo,Veracruz de Ignacio de la Llave,Jilotepec,Jilotepec,1369,1607,18,['white'],,,medium altitude,cold,very abundant
maíz raza olotillo,Oaxaca,San Bartolome Loxicha,Arroyo Seco,621,993,24,"['white', 'light yellow']",10.45,15.755,low,semi-warm,abundant
maíz raza olotillo,Oaxaca,San Bartolome Loxicha,El Tapanco,508,999,25,,9.8,16.805,low,semi-warm,abundant
maíz raza olotillo,Oaxaca,San Baltazar Loxicha,Cerro Sabroso,1203,981,22,['creamy white'],10.5263157894737,20.2631578947368,medium altitude,semi-warm,abundant
maíz raza olotillo,Oaxaca,San Baltazar Loxicha,Cerro Sabroso,1203,981,22,['creamy white'],9.8,18.67,medium altitude,semi-warm,abundant
maíz raza olotillo,Oaxaca,San Baltazar Loxicha,Cerro Sabroso,1203,981,22,['creamy white'],9.9,21.655,medium altitude,semi-warm,abundant
maíz raza olotillo,San Luis Potosi,Xilitla,Tlamaya,551,1367,22,['white'],,,low,semi-warm,very abundant
maíz raza olotillo,Oaxaca,San Baltazar Loxicha,Cerro Gordo,653,997,24,,10.75,17.445,low,semi-warm,abundant
maíz raza olotillo,Oaxaca,San Baltazar Loxicha,Cerro Gordo,653,997,24,,10.4,17.12,low,semi-warm,abundant
maíz raza olotillo,Oaxaca,San Baltazar Loxicha,Cerro Gordo,653,997,24,['creamy white'],9.9,18.87,low,semi-warm,abundant
maíz raza olotillo,Nayarit,Bahia de Banderas,La Ceiba,82,1355,25,['creamy white'],9.625,14.59375,low,hot,abundant
maíz raza olotillo,Veracruz de Ignacio de la Llave,Mecayapan,"Plan Agrario, Comunidad Plan Agrario",544,1658,23,['creamy white'],11,18.57,low,semi-warm,very abundant
maíz raza olotillo,Chiapas,Tzimol,Manuel Velasco Suárez,668,1063,24,['white'],,,low,semi-warm,abundant
maíz raza olotillo,San Luis Potosi,Tampacan,Totomoxtla,103,1564,24,"['yellow', 'orange-yellow', 'yellow', 'orange-yellow']",8.8,16.6,low,semi-warm,very abundant
maíz raza olotillo,San Luis Potosi,Tampacan,Totomoxtla,103,1564,24,['yellow'],10.8,15,low,semi-warm,very abundant
maíz raza olotillo,Oaxaca,San Juan Guichicovi,Chocolate,336,1938,24,['white'],,,low,semi-warm,very abundant
maíz raza olotillo,Oaxaca,San Juan Guichicovi,Chocolate,336,1938,24,['white'],,,low,semi-warm,very abundant
maíz raza olotillo,Oaxaca,Santa Catarina Juquila,Santa María Yolotepec,1746,1248,18,['white'],12,17.3,medium altitude,temperate,abundant
maíz raza olotillo,Oaxaca,San Agustin Loxicha,El Campanario,1189,907,22,['white'],9.2,16.73,low,semi-warm,abundant
maíz raza olotillo,Oaxaca,San Agustin Loxicha,Río Guayabal,442,1035,25,['white'],10.4,20.5,low,semi-warm,abundant
maíz raza olotillo,Oaxaca,San Baltazar Loxicha,Cerro Gordo,757,997,24,,9.75,17.425,low,semi-warm,abundant
maíz raza olotillo,Oaxaca,San Baltazar Loxicha,Cerro Gordo,757,997,24,['creamy white'],10.05,16.82,low,semi-warm,abundant
maíz raza olotillo,Oaxaca,San Baltazar Loxicha,Cerro Gordo,757,997,24,"['white', 'light yellow']",10.1,17.795,low,semi-warm,abundant
maíz raza olotillo,Oaxaca,Santa Catarina Loxicha,La Nueva Esperanza,865,923,23,"['white', 'light yellow']",8.8,13.83,low,semi-warm,abundant
maíz raza olotillo,Veracruz de Ignacio de la Llave,San Andres Tuxtla,"Cuesta de Laja, Comunidad Cuesta de Laja",153,1527,25,['creamy white'],11.4,12.29,low,semi-warm,very abundant
maíz raza olotillo,Guerrero,Atoyac de Alvarez,El Cocuyachi,553,1414,24,['dark blue'],12.8,16.32,low,semi-warm,very abundant
maíz raza olotillo,San Luis Potosi,Xilitla,Nuevo Miramar,1321,791,18,"['yellow', 'red-orange', 'white']",12,22.4,medium altitude,temperate,intermediate
maíz raza olotillo,San Luis Potosi,Xilitla,Nuevo Miramar,1321,791,18,"['blue', 'blue']",10.8,16.4,medium altitude,temperate,intermediate
maíz raza olotillo,Chiapas,Frontera Comalapa,Comalapa,655,1826,24,"['white', 'dark blue']",,,low,semi-warm,very abundant
maíz raza olotillo,Chiapas,Frontera Comalapa,Comalapa,655,1826,24,"['light yellow', 'orange']",14,14.2,low,semi-warm,very abundant
maíz raza olotillo,Guerrero,Coyuca de Benitez,La Lima,316,1184,26,['creamy white'],10,19.88,low,hot,abundant
maíz raza olotillo,Veracruz de Ignacio de la Llave,Platon Sanchez,Tlalpani,163,1362,24,['yellow'],10,17,low,semi-warm,very abundant
maíz raza olotillo,Veracruz de Ignacio de la Llave,Platon Sanchez,Tlalpani,163,1362,24,['yellow'],9.6,14.4,low,semi-warm,very abundant
maíz raza olotillo,Veracruz de Ignacio de la Llave,Platon Sanchez,Tlalpani,163,1362,24,['white'],10.8,16.6,low,semi-warm,very abundant
maíz raza olotillo,Veracruz de Ignacio de la Llave,Platon Sanchez,Tlalpani,163,1362,24,['yellow'],10,15,low,semi-warm,very abundant
maíz raza olotillo,Oaxaca,Candelaria Loxicha,Río los Peces,368,1087,25,['creamy white'],10.15,14.435,low,semi-warm,abundant
maíz raza olotillo,Oaxaca,San Bartolome Loxicha,Cerro de Horno,834,994,23,"['white', 'light yellow']",10.1,16.16,low,semi-warm,abundant
maíz raza olotillo,Oaxaca,San Bartolome Loxicha,Cerro de Horno,834,994,23,"['white', 'light yellow']",10,16.0736842105263,low,semi-warm,abundant
maíz raza olotillo,Oaxaca,San Bartolome Loxicha,Cerro de Horno,834,994,23,"['white', 'light yellow']",10.25,15.22,low,semi-warm,abundant
maíz raza olotillo,Veracruz de Ignacio de la Llave,Hueyapan de Ocampo,"La Gloria Huiltepetl, Camino Santa Rosa Cintepec-Juan Díaz Covarrubias",151,1553,25,['creamy white'],13,17.12,low,semi-warm,very abundant
maíz raza olotillo,Veracruz de Ignacio de la Llave,Tuxpan,Francisco I. Madero,153,1308,23,['creamy white'],12.2,18.74,low,semi-warm,abundant
maíz raza olotillo,Nuevo Leon,Montemorelos,Ejido San Agustín de los Arroyos,303,715,22,['creamy white'],11.2,16.576,low,semi-warm,intermediate
maíz raza olotillo,Veracruz de Ignacio de la Llave,Benito Juarez,La Revancha,337,1537,23,"['yellow', 'orange-yellow']",9.6,16,low,semi-warm,very abundant
maíz raza olotillo,Veracruz de Ignacio de la Llave,Ixcatepec,Ejido Poza Azul,259,1221,23,"['yellow', 'red-orange']",11.6,16,low,semi-warm,abundant
maíz raza olotillo,Veracruz de Ignacio de la Llave,Ixcatepec,Ejido Poza Azul,259,1221,23,['white'],10.8,17,low,semi-warm,abundant
maíz raza olotillo,Veracruz de Ignacio de la Llave,Ixcatepec,Ejido Poza Azul,259,1221,23,['white'],10,15.6,low,semi-warm,abundant
maíz raza olotillo,Veracruz de Ignacio de la Llave,Ixcatepec,Ejido Poza Azul,259,1221,23,"['yellow', 'red-orange']",9.6,17,low,semi-warm,abundant
maíz raza olotillo,Veracruz de Ignacio de la Llave,Ixcatepec,Ejido Poza Azul,259,1221,23,['white'],9.6,16,low,semi-warm,abundant
maíz raza olotillo,Oaxaca,San Bartolome Loxicha,El Tamarindo,639,1031,24,['white'],9.6,15.55,low,semi-warm,abundant
maíz raza olotillo,Oaxaca,San Baltazar Loxicha,Cerro Gordo,792,987,23,['creamy white'],9.9,19.555,low,semi-warm,abundant
maíz raza olotillo,Oaxaca,San Bartolome Loxicha,Ocote Seco,975,988,23,['white'],9.85,13.675,low,semi-warm,abundant
maíz raza olotillo,Oaxaca,Santiago Pinotepa Nacional,"Santa María Jicaltepec (Jicaltepec), Aproximadamente a 7 Km de Pinotepa Nacional",512,1415,26,['white'],9,,low,hot,very abundant
maíz raza olotillo,Oaxaca,San Bartolome Loxicha,Ocote Seco,968,988,23,['white'],10.6,14.3,low,semi-warm,abundant
maíz raza olotillo,Oaxaca,San Lorenzo Texmelucan,"La Ciénega, el Carrizal",1343,1142,21,['white'],11,12.9,medium altitude,semi-warm,abundant
maíz raza olotillo,Oaxaca,San Lorenzo Texmelucan,El Carrizal,1343,1142,21,['white'],9,15.3,medium altitude,semi-warm,abundant
maíz raza olotillo,Oaxaca,San Lorenzo Texmelucan,"La Ciénega, el Carrizal",1343,1142,21,['white'],,,medium altitude,semi-warm,abundant
maíz raza olotillo,San Luis Potosi,Huehuetlan,Tanleab Uno,485,1451,23,"['yellow', 'red-orange', 'white']",10.8,18.2,low,semi-warm,very abundant
maíz raza olotillo,Oaxaca,Santo Domingo de Morelos,Santa María Bella Vista,387,1052,25,['white'],9.7,17.025,low,semi-warm,abundant
maíz raza olotillo,Oaxaca,San Juan Bautista Valle Nacional,Santa Fe y la Mar,105,2485,25,,,,low,semi-warm,very abundant
maíz raza olotillo,Oaxaca,San Juan Bautista Valle Nacional,Santa Fe y la Mar,105,2485,25,,,,low,semi-warm,very abundant
maíz raza olotillo,Oaxaca,San Juan Bautista Valle Nacional,Santa Fe y la Mar,105,2485,25,,,,low,semi-warm,very abundant
maíz raza olotillo,Oaxaca,San Juan Bautista Valle Nacional,Santa Fe y la Mar,105,2485,25,,,,low,semi-warm,very abundant
maíz raza olotillo,Guerrero,Tecpan de Galeana,El Pitero,22,1009,26,['white'],,,low,hot,abundant
maíz raza olotillo,Oaxaca,Santa Catarina Loxicha,La Nueva Luz,611,974,24,['white'],8.85,17.78,low,semi-warm,abundant
maíz raza olotillo,Oaxaca,Santa Catarina Loxicha,Rincón del Venado,611,974,24,"['white', 'light yellow']",9.9,18.055,low,semi-warm,abundant
maíz raza olotillo,Oaxaca,Santa Catarina Loxicha,La Nueva Luz,611,974,24,['white'],8.78947368421053,13.7,low,semi-warm,abundant
maíz raza olotillo,Oaxaca,Santa Catarina Loxicha,Rincón del Venado,611,974,24,['creamy white'],9.78947368421053,19.8157894736842,low,semi-warm,abundant
maíz raza olotillo,Oaxaca,Santa Catarina Loxicha,La Primavera,611,974,24,['creamy white'],8.6,17.3,low,semi-warm,abundant
maíz raza olotillo,Oaxaca,Santa Catarina Loxicha,La Nueva Luz,611,974,24,['white'],8.9,16.525,low,semi-warm,abundant
maíz raza olotillo,Mexico,Temascaltepec,El Peñón,1770,1060,18,"['light yellow', 'red']",9.8,16.48,medium altitude,temperate,abundant
maíz raza olotillo,Mexico,Temascaltepec,El Peñón,1770,1060,18,['light yellow'],9.4,17,medium altitude,temperate,abundant
maíz raza olotillo,Chiapas,Venustiano Carranza,Miguel Hidalgo,592,1105,25,['white'],,,low,semi-warm,abundant
maíz raza olotillo,Oaxaca,San Bartolome Loxicha,Llano Zacatillo,1138,1009,22,['creamy white'],9.6,17.615,low,semi-warm,abundant
maíz raza olotillo,Chiapas,Comitan de Dominguez,Francisco Sarabia,1556,1308,18,,,,medium altitude,temperate,abundant
maíz raza olotillo,Chiapas,Comitan de Dominguez,Francisco Sarabia,1556,1308,18,['light yellow'],,,medium altitude,temperate,abundant
maíz raza olotillo,Chiapas,Comitan de Dominguez,Francisco Sarabia,1556,1308,18,['light yellow'],,,medium altitude,temperate,abundant
maíz raza olotillo,Veracruz de Ignacio de la Llave,Hueyapan de Ocampo,"La Gloria Huiltepetl, Camino Santa Rosa Cintepec-Juan Díaz Covarrubias",200,1556,25,['creamy white'],12.2,16.17,low,semi-warm,very abundant
maíz raza olotillo,Oaxaca,Santa Catarina Loxicha,La Tixca,529,989,25,['creamy white'],10.75,13.675,low,semi-warm,abundant
maíz raza olotillo,Chiapas,Tuxtla Gutierrez,Emiliano Zapata,886,993,23,['white'],,,low,semi-warm,abundant
maíz raza olotillo,Chiapas,Tuxtla Gutierrez,Emiliano Zapata,886,993,23,['orange-yellow'],,,low,semi-warm,abundant
maíz raza olotillo,Guerrero,Coyuca de Benitez,Paso Real,94,1129,27,['creamy white'],13.6,18.6,low,hot,abundant
maíz raza olotillo,Hidalgo,Atlapexco,Tecacahuaco (Piedra Hueca),328,1487,23,['orange-yellow'],9.4,14.11,low,semi-warm,very abundant
maíz raza olotillo,Guerrero,Tixtla de Guerrero,Almolonga,1696,1075,20,['creamy white'],8.8,19.4,medium altitude,temperate,abundant
maíz raza olotillo,Hidalgo,Xochiatipan,Cruzhica,313,1453,23,"['yellow', 'red-orange', 'yellow', 'red-orange']",9.6,18.6,low,semi-warm,very abundant
maíz raza olotillo,Hidalgo,Xochiatipan,Cruzhica,313,1453,23,"['yellow', 'red-orange']",9.6,18.6,low,semi-warm,very abundant
maíz raza olotillo,Chiapas,Marques de Comillas,Nuevo San Isidro,136,3051,25,['white'],,,low,semi-warm,very abundant
maíz raza olotillo,Tamaulipas,Palmillas,Ej. Palmillas,1281,526,19,"['creamy white', 'light yellow', 'medium yellow', 'orange', 'blue']",12.4,16.356,medium altitude,temperate,low
maíz raza olotillo,Veracruz de Ignacio de la Llave,Papantla,"Rancho la Playa, Comunidad Rancho la Playa",12,1298,24,['creamy white'],11.8,17.62,low,semi-warm,abundant
maíz raza olotillo,Oaxaca,San Baltazar Loxicha,El Ocote,926,902,23,['creamy white'],9.55,16.51,low,semi-warm,abundant
maíz raza olotillo,Oaxaca,San Lucas Ojitlan,San José Lagunas,89,2243,25,['white'],,,low,semi-warm,very abundant
maíz raza olotillo,Oaxaca,San Lucas Ojitlan,San José Lagunas,89,2243,25,['white'],,,low,semi-warm,very abundant
maíz raza olotillo,Oaxaca,San Lucas Ojitlan,San José Lagunas,89,2243,25,['white'],,,low,semi-warm,very abundant
maíz raza olotillo,Oaxaca,San Lucas Ojitlan,San José Lagunas,89,2243,25,,,,low,semi-warm,very abundant
maíz raza olotillo,Oaxaca,San Lucas Ojitlan,San José Lagunas,89,2243,25,['light yellow'],,,low,semi-warm,very abundant
maíz raza olotillo,Veracruz de Ignacio de la Llave,Mecayapan,"Huazuntlán, Carretera Mecayapan",72,1791,26,"['creamy white', 'light yellow']",12.2,18.72,low,hot,very abundant
maíz raza olotillo,Chiapas,Tuxtla Gutierrez,Cerca de San José Terán,593,958,25,['white'],8.8,19.3,low,hot,abundant
maíz raza olotillo,Chiapas,Tuxtla Gutierrez,Cerca de San José Terán,593,958,25,"['light yellow', 'medium yellow']",8.4,19.64,low,hot,abundant
maíz raza olotillo,San Luis Potosi,Xilitla,La Conchita,553,1347,22,['light yellow'],,,low,semi-warm,abundant
maíz raza olotillo,Guerrero,Malinaltepec,Cerca de el Carrizal,1531,1520,21,['creamy white'],12.67,14.67,medium altitude,semi-warm,very abundant
maíz raza olotillo,Veracruz de Ignacio de la Llave,Santiago Tuxtla,"Sehualaca, Carretera Santiago Tuxtla-Ciudad Isla",106,1588,25,['creamy white'],11.8,19.37,low,semi-warm,very abundant
maíz raza olotillo,Oaxaca,San Agustin Loxicha,San Francisco Loxicha,508,1051,24,['white'],10,15.725,low,semi-warm,abundant
maíz raza olotillo,Oaxaca,San Agustin Loxicha,San Francisco Loxicha,508,1051,24,"['white', 'light yellow']",9.5,16.15,low,semi-warm,abundant
maíz raza olotillo,Guerrero,San Luis Acatlan,Ejido de Yoloxochitl,686,1871,25,['creamy white'],12.66,17.5,low,semi-warm,very abundant
maíz raza olotillo,Hidalgo,Huejutla de Reyes,"Cececapa, Barrio Bajo",137,1457,24,"['yellow', 'orange-yellow']",10,17.4,low,semi-warm,very abundant
maíz raza olotillo,Hidalgo,Huejutla de Reyes,Cececapa,137,1457,24,"['yellow', 'orange-yellow']",10.4,16.6,low,semi-warm,very abundant
maíz raza olotillo,Hidalgo,Huejutla de Reyes,Cececapa,137,1457,24,"['yellow', 'orange-yellow']",9,17.4,low,semi-warm,very abundant
maíz raza olotillo,Oaxaca,Candelaria Loxicha,El Chilar,190,1083,25,"['white', 'light yellow']",9.7,16.56,low,hot,abundant
maíz raza olotillo,Veracruz de Ignacio de la Llave,Ixcatepec,Ejido Ixcatepec,261,1205,23,['white'],9.2,17,low,semi-warm,abundant
maíz raza olotillo,Veracruz de Ignacio de la Llave,Ixcatepec,Ejido Ixcatepec,261,1205,23,"['yellow', 'red-orange', 'orange-yellow']",10.4,17.6,low,semi-warm,abundant
maíz raza olotillo,Veracruz de Ignacio de la Llave,Ixcatepec,Ejido Ixcatepec,261,1205,23,['white'],10,16.6,low,semi-warm,abundant
maíz raza olotillo,Oaxaca,Candelaria Loxicha,Barrio Coyote,163,1049,26,"['white', 'medium yellow', 'blue']",11.6,17.5,low,hot,abundant
maíz raza olotillo,Chiapas,Totolapa,Totolapa,661,954,25,['white'],,,low,semi-warm,abundant
maíz raza olotillo,Chiapas,Totolapa,Totolapa,661,954,25,['white'],,,low,semi-warm,abundant
maíz raza olotillo,Chiapas,Totolapa,Totolapa,661,954,25,"['white', 'light yellow']",10,19.9,low,semi-warm,abundant
maíz raza olotillo,Chiapas,Totolapa,Totolapa,661,954,25,['white'],10,18.2,low,semi-warm,abundant
maíz raza olotillo,Chiapas,Totolapa,Totolapa,661,954,25,"['white', 'dark blue']",11,15.5,low,semi-warm,abundant
maíz raza olotillo,Chiapas,Totolapa,Totolapa,661,954,25,['white'],10,16.5,low,semi-warm,abundant
maíz raza olotillo,Chiapas,Totolapa,Totolapa,661,954,25,['white'],,,low,semi-warm,abundant
maíz raza olotillo,Oaxaca,San Baltazar Loxicha,Codorniz,605,997,24,,9.75,21.285,low,semi-warm,abundant
maíz raza olotillo,Veracruz de Ignacio de la Llave,Benito Juarez,Cerca de Tlatlapango el Grande,352,1495,23,['creamy white'],9,15.04,low,semi-warm,very abundant
maíz raza olotillo,Oaxaca,Candelaria Loxicha,El Caulote,174,1058,26,['creamy white'],10.1,17.7,low,hot,abundant
maíz raza olotillo,Veracruz de Ignacio de la Llave,Tantoyuca,San Diego,76,1286,24,"['yellow', 'white']",9.6,17.4,low,semi-warm,abundant
maíz raza olotillo,Hidalgo,Huejutla de Reyes,Lemontitla,132,1460,24,['yellow'],10.8,16.6,low,semi-warm,very abundant
maíz raza olotillo,Hidalgo,Huejutla de Reyes,Lemontitla,132,1460,24,['yellow'],10,17,low,semi-warm,very abundant
maíz raza olotillo,Hidalgo,Huejutla de Reyes,Lemontitla,132,1460,24,"['yellow', 'orange-yellow']",10.4,16.8,low,semi-warm,very abundant
maíz raza olotillo,Chiapas,Suchiapa,Suchiapa,462,989,26,,,,low,hot,abundant
maíz raza olotillo,Chiapas,Suchiapa,Suchiapa,462,989,26,['orange-yellow'],,,low,hot,abundant
maíz raza olotillo,Chiapas,Suchiapa,Suchiapa,462,989,26,['light yellow'],,,low,hot,abundant
maíz raza olotillo,Chiapas,Suchiapa,Suchiapa,462,989,26,['white'],9,16,low,hot,abundant
maíz raza olotillo,Chiapas,Suchiapa,Suchiapa,462,989,26,['white'],12,14.7,low,hot,abundant
maíz raza olotillo,Oaxaca,San Agustin Loxicha,Portillo Limón,1425,957,20,['medium yellow'],10.6,15.6,medium altitude,temperate,abundant
maíz raza olotillo,Oaxaca,San Bartolome Loxicha,Mameyal,1028,988,23,['white'],9.75,13.07,low,semi-warm,abundant
maíz raza olotillo,Guerrero,Coahuayutla de Jose Maria Izazaga,Cerca de Platanillo,443,980,25,['creamy white'],11.6,16.5,low,hot,abundant
maíz raza olotillo,Guerrero,Coahuayutla de Jose Maria Izazaga,Cerca de Platanillo,443,980,25,['blue'],12,18.4,low,hot,abundant
maíz raza olotillo,Puebla,Zoquiapan,Amatlan,191,1912,24,['creamy white'],10,18.06,low,semi-warm,very abundant
maíz raza olotillo,Puebla,Zoquiapan,Amatlan,191,1912,24,['medium yellow'],10,15.5833333333333,low,semi-warm,very abundant
maíz raza olotillo,Veracruz de Ignacio de la Llave,Tamiahua,El Naranjalito,26,1266,24,['creamy white'],13.8,15.81,low,semi-warm,abundant
maíz raza olotillo,Oaxaca,Santa Catarina Loxicha,San José del Peñasco,580,971,24,['creamy white'],9.35,15.25,low,semi-warm,abundant
maíz raza olotillo,San Luis Potosi,Tamazunchale,"Ixteamel, Barrio Ahuehueyo",229,1662,23,"['yellow', 'red-orange']",10.67,18.33,low,semi-warm,very abundant
maíz raza olotillo,San Luis Potosi,Tamazunchale,"Ixteamel, Barrio Ahuehueyo",229,1662,23,"['yellow', 'red-orange']",9.6,17,low,semi-warm,very abundant
maíz raza olotillo,Chiapas,La Independencia,La Patria,1501,1276,18,,,,medium altitude,temperate,abundant
maíz raza olotillo,Chiapas,La Independencia,La Patria,1501,1276,18,['white'],,,medium altitude,temperate,abundant
maíz raza olotillo,Oaxaca,San Bartolome Loxicha,Cerro Peñasco,1037,977,23,['white'],10.25,14.465,low,semi-warm,abundant
maíz raza olotillo,Morelos,Tlaquiltenango,Huixastla,754,779,25,['white'],10.8,15.6,low,semi-warm,intermediate
maíz raza olotillo,Veracruz de Ignacio de la Llave,Chicontepec,Cerca de la Ceiba,169,1308,24,['creamy white'],10.8,16.52,low,semi-warm,abundant
maíz raza olotillo,Veracruz de Ignacio de la Llave,Chicontepec,Cerca de la Ceiba,169,1308,24,"['white', 'creamy white']",8,17.06,low,semi-warm,abundant
maíz raza olotillo,Veracruz de Ignacio de la Llave,Chicontepec,Cerca de la Ceiba,169,1308,24,['creamy white'],12.2,16.8,low,semi-warm,abundant
maíz raza olotillo,Veracruz de Ignacio de la Llave,Chicontepec,Cerca de la Ceiba,169,1308,24,['creamy white'],11.6,15.62,low,semi-warm,abundant
maíz raza olotillo,Veracruz de Ignacio de la Llave,Chicontepec,Cerca de la Ceiba,169,1308,24,['creamy white'],9.4,16.54,low,semi-warm,abundant
maíz raza olotillo,Puebla,Tuzamapan de Galeana,Ricardo Flores Magón,133,1814,24,['creamy white'],11,16.33,low,semi-warm,very abundant
maíz raza olotillo,Puebla,Tuzamapan de Galeana,Ricardo Flores Magón,133,1814,24,"['red', 'black']",11.4,19.72,low,semi-warm,very abundant
maíz raza olotillo,Puebla,Tuzamapan de Galeana,Ricardo Flores Magón,133,1814,24,['creamy white'],11.4,17.27,low,semi-warm,very abundant
maíz raza olotillo,Puebla,Tuzamapan de Galeana,Ricardo Flores Magón,133,1814,24,"['medium yellow', 'orange-yellow']",11,16.23,low,semi-warm,very abundant
maíz raza olotillo,Puebla,Tuzamapan de Galeana,Ricardo Flores Magón,133,1814,24,['creamy white'],11.2,19.2,low,semi-warm,very abundant
maíz raza olotillo,Guerrero,Zihuatanejo de Azueta,Vallecito,769,1259,24,['light yellow'],,,low,semi-warm,abundant
maíz raza olotillo,Tabasco,Balancan,"Ejido Arroyo el Triunfo, Primera Sección, Subregión de los Ríos",59,1586,26,['creamy white'],12.6,18.9,low,hot,very abundant
maíz raza olotillo,Chiapas,Angel Albino Corzo,Nuevo Guerrero,641,1975,24,['light yellow'],,,low,semi-warm,very abundant
maíz raza olotillo,Chiapas,El Parral,Parral,647,1132,24,['white'],,,low,semi-warm,abundant
maíz raza olotillo,Chiapas,El Parral,Colonia el Parral,647,1132,24,"['white', 'light yellow']",9,16.7,low,semi-warm,abundant
maíz raza olotillo,Chiapas,El Parral,Colonia el Parral,647,1132,24,['light yellow'],9,18.5,low,semi-warm,abundant
maíz raza olotillo,Chiapas,San Cristobal de las Casas,San Cristóbal de las Casas,2136,1210,14,['light yellow'],10,17.9,high,cold,abundant
maíz raza olotillo,Chiapas,Chenalho,Chenalho,1542,1397,18,['orange-yellow'],12,18.5,medium altitude,temperate,very abundant
maíz raza olotillo,Oaxaca,San Baltazar Loxicha,San Baltazar Loxicha,986,933,23,['orange-yellow'],10.2,15.1,low,semi-warm,abundant
maíz raza olotillo,Oaxaca,San Baltazar Loxicha,San Baltazar Loxicha,986,933,23,['creamy white'],10.5,20.07,low,semi-warm,abundant
maíz raza olotillo,Oaxaca,San Baltazar Loxicha,San Baltazar Loxicha,986,933,23,['creamy white'],9.8,21.055,low,semi-warm,abundant
maíz raza olotillo,Oaxaca,San Bartolome Loxicha,San Bartolome Loxicha,1126,1028,21,,10.1,12.255,low,semi-warm,abundant
maíz raza olotillo,Chiapas,Villaflores,Colonia 16 de Septiembre,541,1259,25,['white'],8,16.5,low,semi-warm,abundant
maíz raza olotillo,Oaxaca,San Bartolome Loxicha,Llano Liso,1103,1009,22,['medium yellow'],11.04,15.492,low,semi-warm,abundant
maíz raza olotillo,Chiapas,Frontera Comalapa,Ejido Sinaloa,595,1328,25,['white'],,,low,semi-warm,abundant
maíz raza olotillo,San Luis Potosi,Tamazunchale,Rancho del Tepetate,110,1668,24,['light yellow'],10,14.7,low,semi-warm,very abundant
maíz raza olotillo,San Luis Potosi,Tamazunchale,Rancho del Tepetate,110,1668,24,"['white', 'dark blue']",12,15.5,low,semi-warm,very abundant
maíz raza olotillo,Oaxaca,San Bartolome Loxicha,Cerro de Horno,887,999,23,['white'],9.9,13.51,low,semi-warm,abundant
maíz raza olotillo,Oaxaca,San Bartolome Loxicha,Cerro de Horno,887,999,23,['white'],10.8,14.99,low,semi-warm,abundant
maíz raza olotillo,Veracruz de Ignacio de la Llave,San Andres Tuxtla,"Popotal, Comunidad el Popotal",24,1235,25,['creamy white'],11.4,15.25,low,hot,abundant
maíz raza olotillo,Guerrero,Tlapa de Comonfort,Tres Caminos,1868,936,19,['creamy white'],12.4,19.2,high,temperate,abundant
maíz raza olotillo,San Luis Potosi,San Martin Chalchicuautla,Chiliatl,167,1486,24,['yellow'],10,16.5,low,semi-warm,very abundant
maíz raza olotillo,San Luis Potosi,San Martin Chalchicuautla,Chiliatl,167,1486,24,['white'],10,18,low,semi-warm,very abundant
maíz raza olotillo,San Luis Potosi,San Martin Chalchicuautla,Chiliatl,167,1486,24,['white'],10,14.5,low,semi-warm,very abundant
maíz raza olotillo,Oaxaca,San Juan Bautista Tuxtepec,Sebastopol,26,2217,25,['white'],13,22,low,hot,very abundant
maíz raza olotillo,Oaxaca,San Juan Bautista Tuxtepec,Sebastopol,26,2217,25,['white'],11,22,low,hot,very abundant
maíz raza olotillo,Oaxaca,San Juan Bautista Tuxtepec,Sebastopol,26,2217,25,['white'],12,20,low,hot,very abundant
maíz raza olotillo,Oaxaca,San Agustin Loxicha,Yogondoy,896,895,23,['orange'],10,16.5157894736842,low,semi-warm,abundant
maíz raza olotillo,Oaxaca,San Agustin Loxicha,Yogondoy,896,895,23,['creamy white'],9.45,17.425,low,semi-warm,abundant
maíz raza olotillo,San Luis Potosi,Matlapa,Papatlas,118,1585,24,"['yellow', 'orange-yellow']",10,16.25,low,semi-warm,very abundant
maíz raza olotillo,San Luis Potosi,Matlapa,Papatlas,118,1585,24,"['blue', 'blue']",10,12.5,low,semi-warm,very abundant
maíz raza olotillo,San Luis Potosi,Matlapa,Papatlas,118,1585,24,"['yellow', 'white']",10,14.67,low,semi-warm,very abundant
maíz raza olotillo,San Luis Potosi,Matlapa,Papatlas,118,1585,24,"['yellow', 'orange-yellow', 'white']",9.33,17.33,low,semi-warm,very abundant
maíz raza olotillo,Chiapas,La Trinitaria,Chihuahua,1062,1308,22,['orange-yellow'],,,low,semi-warm,abundant
maíz raza olotillo,Morelos,Tlaquiltenango,Xicatlacotla,865,798,24,['white'],10.2,15.5,low,semi-warm,intermediate
maíz raza olotillo,Oaxaca,San Bartolome Loxicha,El Tamarindo,465,1032,24,['white'],9.9,16.625,low,semi-warm,abundant
maíz raza olotillo,Hidalgo,Metztitlan,Tlaxco ( San Antonio),1728,541,16,['creamy white'],,,medium altitude,cold,low
maíz raza olotillo,Chiapas,Acala,Acala,423,1076,26,['white'],8,15,low,hot,abundant
maíz raza olotillo,Chiapas,Acala,Acala,423,1076,26,['white'],10,21,low,hot,abundant
maíz raza olotillo,Chiapas,Acala,Acala,423,1076,26,['white'],,,low,hot,abundant
maíz raza olotillo,Chiapas,Acala,Acala,423,1076,26,['white'],11,15.2,low,hot,abundant
maíz raza olotillo,Oaxaca,San Bartolome Loxicha,La Chinilla,604,1023,24,['white'],8.9,17.445,low,semi-warm,abundant
maíz raza olotillo,Veracruz de Ignacio de la Llave,San Andres Tuxtla,Ahuacapan,73,1461,25,"['light yellow', 'red']",11.8,21.3,low,semi-warm,very abundant
maíz raza olotillo,San Luis Potosi,Matlapa,Matlapa,290,1596,23,"['medium yellow', 'orange-yellow']",9.6,11.5,low,semi-warm,very abundant
maíz raza olotillo,Nuevo Leon,Doctor Arroyo,Comunidad Bolsa y Flores,1689,486,18,"['creamy white', 'light yellow']",10.5,15.78,medium altitude,cold,low
maíz raza olotillo,Morelos,Coatlan del Rio,Michapa,1191,999,23,['white'],,,low,semi-warm,abundant
maíz raza olotillo,Oaxaca,Santa Catarina Loxicha,Cerro Tabla,1046,950,21,['medium yellow'],10.1,16.612,low,semi-warm,abundant
maíz raza olotillo,Oaxaca,San Bartolome Loxicha,Río Machete,1136,1028,21,"['white', 'light yellow']",11.5789473684211,11.5631578947368,low,semi-warm,abundant
maíz raza olotillo,Oaxaca,Santa Catarina Loxicha,La Chivela,1117,938,22,['creamy white'],9.45,18.15,low,semi-warm,abundant
maíz raza olotillo,Oaxaca,Santa Catarina Loxicha,La Chivela,1117,938,22,,13.2,15.375,low,semi-warm,abundant
maíz raza olotillo,Hidalgo,Yahualica,Pepeyocatitla,220,1457,24,['white'],9.2,15,low,semi-warm,very abundant
maíz raza olotillo,Hidalgo,Yahualica,Pepeyocatitla,220,1457,24,"['yellow', 'orange-yellow']",9.6,14,low,semi-warm,very abundant
maíz raza olotillo,Guerrero,Ometepec,Cerca de Huixtepec (al N de la Localidad),362,1411,26,,,,low,hot,very abundant
maíz raza olotillo,Puebla,Zacapoaxtla,"Xilita, 2 Km de Xalacapa y 5 de Zacapoaxtla",1506,2010,17,"['white', 'red', 'dark blue']",12,,medium altitude,cold,very abundant
maíz raza olotillo,Puebla,Zacapoaxtla,"Xilita, 2 Km de Xalacapa y 5 de Zacapoaxtla",1506,2010,17,"['white', 'light yellow', 'red']",11,,medium altitude,cold,very abundant
maíz raza olotillo,Puebla,Zacapoaxtla,"Xilita, 2 Km de Xalacapa y 5 de Zacapoaxtla",1506,2010,17,"['white', 'red', 'dark blue']",,,medium altitude,cold,very abundant
maíz raza olotillo,Guerrero,San Luis Acatlan,Yoloxochitl,611,1846,25,['light yellow'],10,16.6,low,semi-warm,very abundant
maíz raza olotillo,San Luis Potosi,Matlapa,Texquitote Segundo,323,1634,23,"['white', 'red-orange']",10.67,16.33,low,semi-warm,very abundant
maíz raza olotillo,San Luis Potosi,Matlapa,Texquitote Segundo,323,1634,23,"['yellow', 'white']",10,13.67,low,semi-warm,very abundant
maíz raza olotillo,San Luis Potosi,Matlapa,Texquitote Segundo,323,1634,23,"['white', 'red-orange']",10,18.33,low,semi-warm,very abundant
maíz raza olotillo,San Luis Potosi,Matlapa,Texquitote Segundo,323,1634,23,['yellow'],11,15,low,semi-warm,very abundant
maíz raza olotillo,San Luis Potosi,Matlapa,Texquitote Segundo,323,1634,23,"['yellow', 'orange-yellow']",11.6,18.6,low,semi-warm,very abundant
maíz raza olotillo,San Luis Potosi,Matlapa,Texquitote Segundo,323,1634,23,['yellow'],10.5,15,low,semi-warm,very abundant
maíz raza olotillo,San Luis Potosi,Matlapa,Texquitote Segundo,323,1634,23,"['yellow', 'white']",10,18.5,low,semi-warm,very abundant
maíz raza olotillo,San Luis Potosi,Matlapa,Texquitote Segundo,323,1634,23,"['yellow', 'white', 'yellow', 'white']",9.5,18.25,low,semi-warm,very abundant
maíz raza olotillo,Guerrero,San Miguel Totolapan,San Miguel Totolapan,322,1099,27,['light yellow'],13,13.7,low,very hot,abundant
maíz raza olotillo,Oaxaca,Concepcion Papalo,Concepción Pápalo,2141,777,16,['white'],11,13.1,high,cold,intermediate
maíz raza olotillo,Oaxaca,Concepcion Papalo,Concepción Pápalo,2141,777,16,['white'],11,14.7,high,cold,intermediate
maíz raza olotillo,San Luis Potosi,Axtla de Terrazas,Temalacaco,120,1571,24,['yellow'],10.4,17.2,low,semi-warm,very abundant
maíz raza olotillo,San Luis Potosi,Axtla de Terrazas,Temalacaco,120,1571,24,['yellow'],10.8,18.4,low,semi-warm,very abundant
maíz raza olotillo,San Luis Potosi,Axtla de Terrazas,Temalacaco,120,1571,24,['yellow'],10,18.4,low,semi-warm,very abundant
maíz raza olotillo,Oaxaca,Candelaria Loxicha,El Chilar,203,1088,25,['creamy white'],10.7,16.65,low,hot,abundant
maíz raza olotillo,Veracruz de Ignacio de la Llave,Tamiahua,El Naranjalito,50,1266,24,['creamy white'],11.8,17.35,low,semi-warm,abundant
maíz raza olotillo,Queretaro,Jalpan de Serra,Saldiveña,735,824,23,"['light yellow', 'medium yellow', 'black']",10.6,18.15,low,semi-warm,intermediate
maíz raza olotillo,Chiapas,Amatenango de la Frontera,Colonia Guerrero,705,2110,24,"['white', 'orange']",12,17,low,semi-warm,very abundant
maíz raza olotillo,Guerrero,Malinaltepec,Llano Pantanoso,1533,1422,20,['creamy white'],10,16.83,medium altitude,temperate,very abundant
maíz raza olotillo,Puebla,Zoquiapan,Amatlan,192,1893,24,"['medium yellow', 'orange-yellow']",9.6,14.8,low,semi-warm,very abundant
maíz raza olotillo,Puebla,Zoquiapan,Amatlan,192,1893,24,['creamy white'],12.8,16.82,low,semi-warm,very abundant
maíz raza olotillo,Puebla,Zoquiapan,Amatlan,192,1893,24,"['medium yellow', 'orange-yellow']",10.4,17.34,low,semi-warm,very abundant
maíz raza olotillo,Puebla,Zoquiapan,Amatlan,192,1893,24,['dark blue'],12,16.65,low,semi-warm,very abundant
maíz raza olotillo,Hidalgo,Huejutla de Reyes,La Corrala,138,1474,24,"['yellow', 'orange-yellow']",10.4,17,low,semi-warm,very abundant
maíz raza olotillo,Hidalgo,Huejutla de Reyes,La Corrala,138,1474,24,"['yellow', 'orange-yellow']",10,17,low,semi-warm,very abundant
maíz raza olotillo,Hidalgo,Atotonilco el Grande,Cerro Colorado,1980,611,15,['creamy white'],9.2,12.76,high,cold,low
maíz raza olotillo,Oaxaca,Santa Maria Tonameca,La Unión del Palmar,22,1034,26,['white'],9,16.7,low,hot,abundant
maíz raza olotillo,Oaxaca,Candelaria Loxicha,El Caulote,180,1058,26,"['white', 'light yellow']",9.9,19.37,low,hot,abundant
maíz raza olotillo,Oaxaca,San Agustin Loxicha,Magdalena Loxicha,383,1029,25,['light yellow'],10.5,15.85,low,semi-warm,abundant
maíz raza olotillo,San Luis Potosi,El Naranjo,El Platanito,1050,1183,20,['creamy white'],11.6,15.75,low,temperate,abundant
maíz raza olotillo,Guanajuato,Xichu,La Laborcilla,1318,534,20,"['creamy white', 'black']",11.6,17.95,medium altitude,temperate,low
maíz raza olotillo,Veracruz de Ignacio de la Llave,Tamiahua,El Naranjalito,35,1266,24,['creamy white'],11.8,14.6,low,semi-warm,abundant
maíz raza olotillo,Veracruz de Ignacio de la Llave,Hueyapan de Ocampo,"Santa Rosa Cintepec. Carretera San Andrés-Acayucan, Tramo Catemaco-Covarrubias",442,1699,23,['creamy white'],12.6,14.7,low,semi-warm,very abundant
maíz raza olotillo,Hidalgo,Huautla,Santo Domingo,390,1352,23,['orange-yellow'],9.4,14.8,low,semi-warm,abundant
maíz raza olotillo,Hidalgo,Huautla,Tamoyón 1,151,1350,24,['yellow'],10.8,16,low,semi-warm,abundant
maíz raza olotillo,Hidalgo,Huautla,Tamoyón 1,151,1350,24,"['orange-yellow', 'yellow', 'mottled']",10,17.2,low,semi-warm,abundant
maíz raza olotillo,Guerrero,Tecpan de Galeana,Paso de la Parota,127,1076,26,['creamy white'],11.2,17.5,low,hot,abundant
maíz raza olotillo,Coahuila de Zaragoza,Cuatro Cienegas,Estanque de Norias,1266,318,19,,11,13.87,medium altitude,temperate,scarce
maíz raza olotillo,Nayarit,Tepic,Tepic,957,1271,21,['white'],,,low,temperate,abundant
maíz raza olotillo,Chiapas,Amatenango de la Frontera,Tapizala Dos,686,2173,24,"['light yellow', 'orange']",12,13.4,low,semi-warm,very abundant
maíz raza olotillo,San Luis Potosi,Ciudad del Maiz,Rancho las Azucenas,1313,564,19,['creamy white'],10.4,14.55,medium altitude,temperate,low
maíz raza olotillo,Oaxaca,Candelaria Loxicha,El Caulote,198,1058,26,['white'],9.7,18.14,low,hot,abundant
maíz raza olotillo,Guerrero,Coyuca de Benitez,Pueblo Viejo,488,1285,25,['creamy white'],12.4,18.6,low,semi-warm,abundant
maíz raza olotillo,Hidalgo,Yahualica,Tlalchiyahualica,222,1432,24,['yellow'],9.8,14,low,semi-warm,very abundant
maíz raza olotillo,Hidalgo,Yahualica,Tlalchiyahualica,222,1432,24,['white'],8,16,low,semi-warm,very abundant
maíz raza olotillo,Oaxaca,Santa Catarina Loxicha,Jardín del Sur,631,970,24,['creamy white'],9.56,17.2,low,semi-warm,abundant
maíz raza olotillo,Veracruz de Ignacio de la Llave,Coatzintla,Guadalupe Victoria,220,1493,24,['creamy white'],11.4,15.08,low,semi-warm,very abundant
maíz raza olotillo,Veracruz de Ignacio de la Llave,Coatzintla,Guadalupe Victoria,220,1493,24,['creamy white'],12.8,18.66,low,semi-warm,very abundant
maíz raza olotillo,Veracruz de Ignacio de la Llave,Coatzintla,Guadalupe Victoria,220,1493,24,['creamy white'],10.6,18.73,low,semi-warm,very abundant
maíz raza olotillo,Veracruz de Ignacio de la Llave,Coatzintla,Guadalupe Victoria,220,1493,24,['creamy white'],11.4,19.13,low,semi-warm,very abundant
maíz raza olotillo,Veracruz de Ignacio de la Llave,Coatzintla,Guadalupe Victoria,220,1493,24,['creamy white'],11.2,18.53,low,semi-warm,very abundant
maíz raza olotillo,Veracruz de Ignacio de la Llave,Coatzintla,Guadalupe Victoria,220,1493,24,['creamy white'],11,20.6,low,semi-warm,very abundant
maíz raza olotillo,Veracruz de Ignacio de la Llave,Coatzintla,Guadalupe Victoria,220,1493,24,['creamy white'],11.8,20.65,low,semi-warm,very abundant
maíz raza olotillo,Veracruz de Ignacio de la Llave,Coatzintla,Guadalupe Victoria,220,1493,24,['creamy white'],11.6,18.68,low,semi-warm,very abundant
maíz raza olotillo,Oaxaca,Santa Catarina Loxicha,Paraje Arroyo Resina,920,923,23,['creamy white'],9.5,16.33,low,semi-warm,abundant
maíz raza olotillo,Puebla,Jonotla,El Arenal Santa Cruz,153,1870,24,['creamy white'],11.4,16.18,low,semi-warm,very abundant
maíz raza olotillo,Puebla,Jonotla,El Arenal Santa Cruz,153,1870,24,"['medium yellow', 'orange-yellow']",9.8,14.59,low,semi-warm,very abundant
maíz raza olotillo,Veracruz de Ignacio de la Llave,Benito Juarez,Tlaltzintla,352,1554,23,"['yellow', 'mottled']",10.4,16.6,low,semi-warm,very abundant
maíz raza olotillo,Veracruz de Ignacio de la Llave,Tantoyuca,San Antonio Galera,114,1215,24,['yellow'],9.2,17.8,low,semi-warm,abundant
maíz raza olotillo,Veracruz de Ignacio de la Llave,Tantoyuca,San Antonio Galera,114,1215,24,"['white', 'red-orange', 'white', 'red-orange']",10,17.6,low,semi-warm,abundant
maíz raza olotillo,Hidalgo,Huasca de Ocampo,Tlaxocoyapan (Tlaxocoyucan),2085,711,15,['creamy white'],11.2,13.34,high,cold,intermediate
maíz raza olotillo,Veracruz de Ignacio de la Llave,Hueyapan de Ocampo,Santa Rosa Cintepec,471,1705,23,['creamy white'],11.6,17.45,low,semi-warm,very abundant
maíz raza olotillo,Veracruz de Ignacio de la Llave,Hueyapan de Ocampo,Santa Rosa Cintepec,471,1705,23,['creamy white'],11.8,17.89,low,semi-warm,very abundant
maíz raza olotillo,Guerrero,Tecoanapa,Saucito,626,1662,25,['creamy white'],11.2,16.4,low,semi-warm,very abundant
maíz raza olotillo,San Luis Potosi,San Martin Chalchicuautla,Tanchinol,166,1476,24,"['yellow', 'red-orange']",10,16,low,semi-warm,very abundant
maíz raza olotillo,San Luis Potosi,San Martin Chalchicuautla,Tanchinol,166,1476,24,['white'],9.2,19,low,semi-warm,very abundant
maíz raza olotillo,San Luis Potosi,San Martin Chalchicuautla,Tanchinol,166,1476,24,"['white', 'red-orange']",10,16.5,low,semi-warm,very abundant
maíz raza olotillo,San Luis Potosi,San Martin Chalchicuautla,Tanchinol,166,1476,24,"['yellow', 'red-orange']",10,15.5,low,semi-warm,very abundant
maíz raza olotillo,Oaxaca,San Agustin Loxicha,San Francisco Loxicha,448,1051,24,['creamy white'],9.7,16.06,low,semi-warm,abundant
maíz raza olotillo,Chiapas,Cintalapa,"San Sebastián, (en la Ranchería)",603,891,24,"['white', 'light yellow']",10,15.5,low,semi-warm,abundant
maíz raza olotillo,Veracruz de Ignacio de la Llave,San Andres Tuxtla,"Chuniapan de Abajo, Carretera el Salto-Abrevadero",91,1546,25,['medium yellow'],10.2,17.11,low,semi-warm,very abundant
maíz raza olotillo,Veracruz de Ignacio de la Llave,Chicontepec,"Cerca de Chalahuiapa, en el Ejido de Chalahuayapan",261,1348,23,['creamy white'],8.6,17.44,low,semi-warm,abundant
maíz raza olotillo,Oaxaca,Santa Catarina Loxicha,La Nueva Esperanza,882,909,23,['white'],10.6,16.85,low,semi-warm,abundant
maíz raza olotillo,Puebla,Zoquiapan,Amatlan,190,1912,24,"['medium yellow', 'orange-yellow']",10.6,15.86,low,semi-warm,very abundant
maíz raza olotillo,Puebla,Zoquiapan,Amatlan,190,1912,24,['creamy white'],9.6,18.3,low,semi-warm,very abundant
maíz raza olotillo,Oaxaca,San Baltazar Loxicha,Villa Tierra,939,930,23,,9.75,19.76,low,semi-warm,abundant
maíz raza olotillo,Nuevo Leon,Linares,Ex Hacienda de Guadalupe,294,690,23,"['creamy white', 'light yellow', 'medium yellow']",10.8,16,low,semi-warm,intermediate
maíz raza olotillo,Chiapas,Ocozocoautla de Espinosa,Rivera el Gavilán,754,930,23,['white'],9,16,low,semi-warm,abundant
maíz raza olotillo,Chiapas,Ocozocoautla de Espinosa,Rivera el Gavilán,754,930,23,['light yellow'],9,16,low,semi-warm,abundant
maíz raza olotillo,Veracruz de Ignacio de la Llave,Coatzintla,Rancho Nuevo,280,1753,23,['creamy white'],12.8,17.11,low,semi-warm,very abundant
maíz raza olotillo,Veracruz de Ignacio de la Llave,Coatzintla,Rancho Nuevo,280,1753,23,['creamy white'],,,low,semi-warm,very abundant
maíz raza olotillo,Veracruz de Ignacio de la Llave,Coatzintla,Rancho Nuevo,280,1753,23,['creamy white'],12,20.38,low,semi-warm,very abundant
maíz raza olotillo,Veracruz de Ignacio de la Llave,Coatzintla,Rancho Nuevo,280,1753,23,['creamy white'],12.2,18.29,low,semi-warm,very abundant
maíz raza olotillo,Veracruz de Ignacio de la Llave,Coatzintla,Rancho Nuevo,280,1753,23,['creamy white'],11.2,19.2,low,semi-warm,very abundant
maíz raza olotillo,Veracruz de Ignacio de la Llave,Coatzintla,Rancho Nuevo,280,1753,23,['creamy white'],11,18.5,low,semi-warm,very abundant
maíz raza olotillo,Veracruz de Ignacio de la Llave,Coatzintla,Rancho Nuevo,280,1753,23,['creamy white'],11.4,20.62,low,semi-warm,very abundant
maíz raza olotillo,Veracruz de Ignacio de la Llave,Coatzintla,Rancho Nuevo,280,1753,23,['creamy white'],,,low,semi-warm,very abundant
maíz raza olotillo,Veracruz de Ignacio de la Llave,Coatzintla,Rancho Nuevo,280,1753,23,['creamy white'],11.6,18.87,low,semi-warm,very abundant
maíz raza olotillo,Veracruz de Ignacio de la Llave,San Andres Tuxtla,"Axochio, Carretera San Andrés Tuxtla-Tilapan Desviación Axochio",82,1506,25,['creamy white'],11.2,17.54,low,semi-warm,very abundant
maíz raza olotillo,Oaxaca,San Agustin Loxicha,Río de León,1029,898,22,"['white', 'light yellow']",9.35,16.875,low,semi-warm,abundant
maíz raza olotillo,Veracruz de Ignacio de la Llave,San Andres Tuxtla,"Ricardo Flores Magón, Carretera San Andrés Tuxtla-Tilapan",158,1642,24,['creamy white'],13,16.8,low,semi-warm,very abundant
maíz raza olotillo,Veracruz de Ignacio de la Llave,San Andres Tuxtla,"Ricardo Flores Magón, Carretera San Andrés Tuxtla-Tilapan",158,1642,24,['creamy white'],13.2,16.8,low,semi-warm,very abundant
maíz raza olotillo,Oaxaca,San Agustin Loxicha,Rio Grande,1245,907,22,['creamy white'],9,17.17,medium altitude,semi-warm,abundant
maíz raza olotillo,Oaxaca,San Agustin Loxicha,Rio Grande,1245,907,22,"['creamy white', 'light yellow']",8.72,15.3,medium altitude,semi-warm,abundant
maíz raza olotillo,Oaxaca,San Bartolome Loxicha,Cerro Peñasco,1025,977,23,['creamy white'],12,14.145,low,semi-warm,abundant
maíz raza olotillo,Oaxaca,Santa Catarina Loxicha,Los Colorados,1101,936,22,"['white', 'light yellow']",9.9,15.55,low,semi-warm,abundant
maíz raza olotillo,Guerrero,Ometepec,"Cerca de Zacualpan (Zacoalpan, al NNW de la Localidad)",224,1343,27,,,,low,hot,abundant
maíz raza olotillo,Tabasco,Tenosique,"Ejido el Bejucal, Subregión de los Ríos",118,2064,26,['creamy white'],14,17.87,low,hot,very abundant
maíz raza olotillo,Veracruz de Ignacio de la Llave,Chalma,Zapotitla,156,1356,24,['yellow'],9.2,15,low,semi-warm,abundant
maíz raza olotillo,Veracruz de Ignacio de la Llave,Chalma,Zapotitla,156,1356,24,['white'],8,14.5,low,semi-warm,abundant
maíz raza olotillo,Veracruz de Ignacio de la Llave,Papantla,"Polutla, Comunidad Polutla",157,1387,23,['creamy white'],11.4,17.9,low,semi-warm,very abundant
maíz raza olotillo,Veracruz de Ignacio de la Llave,Papantla,"Polutla, Comunidad Polutla",157,1387,23,['creamy white'],12.8,20.27,low,semi-warm,very abundant
maíz raza olotillo,Oaxaca,Santa Catarina Loxicha,Arroyo del Corazón,701,964,24,['creamy white'],10,18.86,low,semi-warm,abundant
maíz raza olotillo,Oaxaca,Santa Catarina Loxicha,Arroyo del Corazón,701,964,24,['creamy white'],9.8,18.57,low,semi-warm,abundant
maíz raza olotillo,Oaxaca,Santa Catarina Loxicha,Arroyo del Corazón,701,964,24,['creamy white'],10.3,17.23,low,semi-warm,abundant
maíz raza olotillo,Oaxaca,San Agustin Loxicha,Santa María el Platanar,458,1036,24,['creamy white'],11,17.66,low,semi-warm,abundant
maíz raza olotillo,Veracruz de Ignacio de la Llave,Chicontepec,Tzicatipa,563,1462,22,"['yellow', 'white', 'orange-yellow']",9.6,17.4,low,semi-warm,very abundant
maíz raza olotillo,Puebla,Zoquiapan,Amatlan,190,1912,24,"['medium yellow', 'orange-yellow']",10.2,13.17,low,semi-warm,very abundant
maíz raza olotillo,Oaxaca,San Bartolome Loxicha,La Chinilla,601,1023,24,,9.4,17.58,low,semi-warm,abundant
maíz raza olotillo,Chiapas,La Trinitaria,Las Delicias,899,1342,22,['white'],,,low,semi-warm,abundant
maíz raza olotillo,Yucatan,Tunkas,Tunkas,28,1145,25,,,,low,hot,abundant
maíz raza olotillo,Yucatan,Tunkas,Tunkas,28,1145,25,,,,low,hot,abundant
maíz raza olotillo,Yucatan,Muna,Muna,29,1086,25,['light yellow'],12,10.5,low,hot,abundant
maíz raza olotillo,Guerrero,La Union de Isidoro Montes de Oca,Cerca de la Unión,47,962,27,['blue'],12.8,17.1,low,hot,abundant
maíz raza olotillo,Puebla,Tenampulco,El Saltillo,216,1747,24,['dark red'],10.8,16.24,low,semi-warm,very abundant
maíz raza olotillo,Chiapas,Villaflores,Guadalupe Victoria,785,1109,23,['orange-yellow'],8,19,low,semi-warm,abundant
maíz raza olotillo,Veracruz de Ignacio de la Llave,Benito Juarez,Cerca de Hueycotitla,312,1376,23,"['medium yellow', 'orange-yellow', 'orange']",9.4,16.04,low,semi-warm,very abundant
maíz raza olotillo,Oaxaca,Santa Maria Jacatepec,La Joya,98,2249,25,['white'],,,low,semi-warm,very abundant
maíz raza olotillo,Oaxaca,Santa Maria Jacatepec,La Joya,98,2249,25,['white'],,,low,semi-warm,very abundant
maíz raza olotillo,Oaxaca,Santa Maria Jacatepec,La Joya,98,2249,25,['white'],,,low,semi-warm,very abundant
maíz raza olotillo,Hidalgo,Jaltocan,El Chote,168,1479,24,"['yellow', 'orange-yellow']",8.4,16.8,low,semi-warm,very abundant
maíz raza olotillo,Hidalgo,Jaltocan,El Chote,168,1479,24,['yellow'],8.4,13,low,semi-warm,very abundant
maíz raza olotillo,Hidalgo,Jaltocan,El Chote,168,1479,24,['white'],8,16.5,low,semi-warm,very abundant
maíz raza olotillo,Hidalgo,Jaltocan,El Chote,168,1479,24,['yellow'],9.2,15.6,low,semi-warm,very abundant
maíz raza olotillo,Hidalgo,Jaltocan,El Chote,168,1479,24,['yellow'],10,15,low,semi-warm,very abundant
maíz raza olotillo,Hidalgo,Jaltocan,El Chote,168,1479,24,['white'],9.2,15.2,low,semi-warm,very abundant
maíz raza olotillo,Hidalgo,Jaltocan,El Chote,168,1479,24,"['yellow', 'red-orange']",10.4,15.2,low,semi-warm,very abundant
maíz raza olotillo,Hidalgo,Jaltocan,El Chote,168,1479,24,"['yellow', 'yellow']",10.8,16.4,low,semi-warm,very abundant
maíz raza olotillo,Chiapas,San Lucas,San Lucas,677,948,25,['white'],,,low,semi-warm,abundant
maíz raza olotillo,Chiapas,San Lucas,San Lucas,677,948,25,['white'],,,low,semi-warm,abundant
maíz raza olotillo,Chiapas,San Lucas,San Lucas,677,948,25,['white'],,,low,semi-warm,abundant
maíz raza olotillo,Oaxaca,Santa Catarina Loxicha,La Nueva Luz,643,974,24,['white'],7.95,18.61,low,semi-warm,abundant
maíz raza olotillo,Oaxaca,Santa Catarina Loxicha,La Nueva Luz,643,974,24,['white'],9.25,15.215,low,semi-warm,abundant
maíz raza olotillo,Oaxaca,Santa Catarina Loxicha,La Nueva Esperanza,808,927,24,['medium yellow'],10.5263157894737,18.1578947368421,low,semi-warm,abundant
maíz raza olotillo,Oaxaca,Santa Catarina Loxicha,La Nueva Esperanza,808,927,24,"['creamy white', 'light yellow']",10.3157894736842,15.2894736842105,low,semi-warm,abundant
maíz raza olotillo,Oaxaca,Santa Catarina Loxicha,La Nueva Esperanza,808,927,24,['creamy white'],9.85,14.45,low,semi-warm,abundant
maíz raza olotillo,Guerrero,Ometepec,Cerca de la Ladrillera (al ENE de la Localidad),337,1410,26,,,,low,hot,very abundant
maíz raza olotillo,San Luis Potosi,Tampacan,Cuayahual,93,1542,24,['yellow'],10.4,16.8,low,semi-warm,very abundant
maíz raza olotillo,San Luis Potosi,Tampacan,Cuayahual,93,1542,24,"['yellow', 'red-orange', 'orange-yellow', 'yellow', 'red-orange', 'orange-yellow']",9.6,15.4,low,semi-warm,very abundant
maíz raza olotillo,San Luis Potosi,Tampacan,Cuayahual,93,1542,24,"['yellow', 'red-orange', 'yellow', 'red-orange']",9.6,16,low,semi-warm,very abundant
maíz raza olotillo,San Luis Potosi,Tampacan,Cuayahual,93,1542,24,['yellow'],10.8,16.6,low,semi-warm,very abundant
maíz raza olotillo,San Luis Potosi,Tampacan,Cuayahual,93,1542,24,"['yellow', 'red-orange', 'white', 'yellow', 'red-orange', 'white']",10.4,16.8,low,semi-warm,very abundant
maíz raza olotillo,Hidalgo,Jaltocan,Matachilillo,156,1479,24,['yellow'],10.4,17,low,semi-warm,very abundant
maíz raza olotillo,Chiapas,Huixtla,Aztlán (en el Ejido Aztlán),6,2766,28,['light yellow'],13,16.57,low,very hot,very abundant
maíz raza olotillo,Hidalgo,Metztitlan,Tlaxco,1703,527,17,['light yellow'],,,medium altitude,cold,low
maíz raza olotillo,Oaxaca,San Baltazar Loxicha,Epazote,950,951,23,,9.7,16.725,low,semi-warm,abundant
maíz raza olotillo,Veracruz de Ignacio de la Llave,Alamo Temapache,Cerca de Xoyotitla,125,1223,24,['creamy white'],10.6,16.52,low,semi-warm,abundant
maíz raza olotillo,Michoacan de Ocampo,Coalcoman de Vazquez Pallares,El Rincón,1128,1199,21,"['white', 'light yellow']",9,18.7,low,semi-warm,abundant
maíz raza olotillo,Michoacan de Ocampo,Coalcoman de Vazquez Pallares,El Rincón,1128,1199,21,['light yellow'],9,18.9,low,semi-warm,abundant
maíz raza olotillo,Michoacan de Ocampo,Coalcoman de Vazquez Pallares,El Rincón,1128,1199,21,['light yellow'],,,low,semi-warm,abundant
maíz raza olotillo,Oaxaca,San Agustin Loxicha,El Tejocote,1047,900,22,['creamy white'],10.16,15.74,low,semi-warm,abundant
maíz raza olotillo,Guerrero,San Luis Acatlan,Yoloxochitl,617,1846,25,['creamy white'],8,16,low,semi-warm,very abundant
maíz raza olotillo,Guerrero,San Luis Acatlan,Yoloxochitl,617,1846,25,['red'],10.8,15.5,low,semi-warm,very abundant
maíz raza olotillo,Guerrero,La Union de Isidoro Montes de Oca,Las Cruces,65,966,27,['creamy white'],10.4,16.3,low,hot,abundant
maíz raza olotillo,Oaxaca,San Baltazar Loxicha,El Ocote,678,985,24,,10.55,18.91,low,semi-warm,abundant
maíz raza olotillo,Michoacan de Ocampo,Tepalcatepec,Iztanzuela,458,734,26,"['white', 'light yellow']",,,low,hot,intermediate
maíz raza olotillo,Quintana Roo,Bacalar,Ejido el Naranjal,36,1264,25,['light yellow'],9,13.6,low,hot,abundant
maíz raza olotillo,Hidalgo,Xochiatipan,Ixtaczoquico,447,1488,23,"['yellow', 'white', 'red-orange', 'yellow', 'white', 'red-orange']",10.8,16.8,low,semi-warm,very abundant
maíz raza olotillo,Hidalgo,Xochiatipan,Ixtaczoquico,447,1488,23,"['white', 'white']",10,17,low,semi-warm,very abundant
maíz raza olotillo,Hidalgo,Xochiatipan,Ixtaczoquico,447,1488,23,"['white', 'white']",10,16.6,low,semi-warm,very abundant
maíz raza olotillo,Oaxaca,Candelaria Loxicha,La Cruz,244,1088,25,"['light yellow', 'blue']",10,17.475,low,hot,abundant
maíz raza olotillo,Oaxaca,Candelaria Loxicha,La Cruz,244,1088,25,"['white', 'dark blue']",11,17.025,low,hot,abundant
maíz raza olotillo,Oaxaca,San Agustin Loxicha,Piedra Cuache,325,1051,25,['creamy white'],9.84,15.932,low,semi-warm,abundant
maíz raza olotillo,Oaxaca,San Agustin Loxicha,Piedra Cuache,325,1051,25,"['white', 'light yellow']",10.55,17.75,low,semi-warm,abundant
maíz raza olotillo,Guerrero,General Canuto A. Neri,Amates Grandes,1282,1039,24,['creamy white'],10.4,23.9,medium altitude,semi-warm,abundant
maíz raza olotillo,Guerrero,General Canuto A. Neri,Amates Grandes,1282,1039,24,['creamy white'],10,24.9,medium altitude,semi-warm,abundant
maíz raza olotillo,Guerrero,General Canuto A. Neri,Amates Grandes,1282,1039,24,['light yellow'],10.4,19.7,medium altitude,semi-warm,abundant
maíz raza olotillo,Veracruz de Ignacio de la Llave,Benito Juarez,Cerca de la Reforma,372,1533,23,['creamy white'],9.2,14.66,low,semi-warm,very abundant
maíz raza olotillo,San Luis Potosi,Tampacan,Tampacán,142,1544,24,['white'],,,low,semi-warm,very abundant
maíz raza olotillo,San Luis Potosi,Tampacan,Tampacán,142,1544,24,"['white', 'orange']",,,low,semi-warm,very abundant
maíz raza olotillo,San Luis Potosi,Tampacan,Tampacán,142,1544,24,['white'],,,low,semi-warm,very abundant
maíz raza olotillo,San Luis Potosi,Tampacan,Tampacán,142,1544,24,['light yellow'],,,low,semi-warm,very abundant
maíz raza olotillo,San Luis Potosi,Tampacan,Tampacán,142,1544,24,,,,low,semi-warm,very abundant
maíz raza olotillo,Oaxaca,Santa Catarina Loxicha,Cerro Espiga,1259,939,21,['white'],9.7,17.425,medium altitude,temperate,abundant
maíz raza olotillo,Veracruz de Ignacio de la Llave,Alamo Temapache,Cerca de Xoyotitla,125,1223,24,['creamy white'],10.6,19.36,low,semi-warm,abundant
maíz raza olotillo,Hidalgo,Huejutla de Reyes,"Los Parajes, Frente a la Secundaria",131,1319,24,['white'],9.6,18.8,low,semi-warm,abundant
maíz raza olotillo,Hidalgo,Huejutla de Reyes,"Los Parajes, Frente a la Capilla",131,1319,24,"['yellow', 'orange-yellow', 'red-orange']",11.2,16.2,low,semi-warm,abundant
maíz raza olotillo,Hidalgo,Huejutla de Reyes,"Los Parajes, Barrio Bajo",131,1319,24,"['blue', 'dark blue', 'blue', 'dark blue']",10,16.2,low,semi-warm,abundant
maíz raza olotillo,Hidalgo,Santiago de Anaya,El Nopalillo,2039,434,15,['creamy white'],14,13.86,high,cold,scarce
maíz raza olotillo,Oaxaca,San Juan Bautista Tuxtepec,Santa Úrsula,29,2288,25,['white'],11,19,low,semi-warm,very abundant
maíz raza olotillo,Oaxaca,Magdalena Tequisistlan,Magdalena Tequisistlan,220,734,27,"['white', 'light yellow']",11,13.3,low,hot,intermediate
maíz raza olotillo,Oaxaca,San Juan Cacahuatepec,Cacahuatepec,411,1430,26,['dark blue'],10.1,13.5,low,hot,very abundant
maíz raza olotillo,Veracruz de Ignacio de la Llave,Mecayapan,"Mecayapan, Cabecera Municipal",360,1619,24,['creamy white'],12,20.41,low,semi-warm,very abundant
maíz raza olotillo,Veracruz de Ignacio de la Llave,Mecayapan,"Mecayapan, Cabecera Municipal",360,1619,24,['creamy white'],10.6,20.43,low,semi-warm,very abundant
maíz raza olotillo,Morelos,Atlatlahucan,San Miguel Tlaltililco,1716,1040,20,['white'],10,15.4,medium altitude,temperate,abundant
maíz raza olotillo,Guerrero,Xochistlahuaca,Cerca de el Santiago (al NW de la Localidad),368,1443,27,,,,low,hot,very abundant
maíz raza olotillo,Chiapas,Tuxtla Gutierrez,"Cerca de Terán, en el Ejido Terán",637,943,25,['white'],,,low,semi-warm,abundant
maíz raza olotillo,Chiapas,Tuxtla Gutierrez,"Cerca de Terán, en el Ejido Terán",637,943,25,['white'],,,low,semi-warm,abundant
maíz raza olotillo,Chiapas,Tuxtla Gutierrez,"Cerca de Terán, en el Ejido Terán",637,943,25,['light yellow'],9,15,low,semi-warm,abundant
maíz raza olotillo,Chiapas,Tuxtla Gutierrez,"Cerca de Terán, en el Ejido Terán",637,943,25,"['light yellow', 'red']",,,low,semi-warm,abundant
maíz raza olotillo,Chiapas,Tuxtla Gutierrez,"Cerca de Terán, en el Ejido Terán",637,943,25,['white'],,,low,semi-warm,abundant
maíz raza olotillo,Chiapas,Tuxtla Gutierrez,"Cerca de Terán, en el Ejido Terán",637,943,25,"['white', 'light yellow']",11,17,low,semi-warm,abundant
maíz raza olotillo,Chiapas,Tuxtla Gutierrez,"Cerca de Terán, en el Ejido Terán",637,943,25,['light yellow'],,,low,semi-warm,abundant
maíz raza olotillo,Chiapas,Tuxtla Gutierrez,"Cerca de Terán, en el Ejido Terán",637,943,25,"['light yellow', 'dark blue']",9,13,low,semi-warm,abundant
maíz raza olotillo,Chiapas,Tuxtla Gutierrez,"Cerca de Terán, en el Ejido Terán",637,943,25,['white'],8,20,low,semi-warm,abundant
maíz raza olotillo,Chiapas,Tuxtla Gutierrez,"Cerca de Terán, en el Ejido Terán",637,943,25,['light yellow'],10,16.5,low,semi-warm,abundant
maíz raza olotillo,Hidalgo,San Felipe Orizatlan,Ejido 3 de Marzo,220,1610,24,['medium yellow'],10,16.3875,low,semi-warm,very abundant
maíz raza olotillo,Veracruz de Ignacio de la Llave,San Andres Tuxtla,"Chuniapan de Arriba, el Salto-Chuniapan de Arriba",159,1632,24,"['medium yellow', 'orange-yellow']",11.8,17.15,low,semi-warm,very abundant
maíz raza olotillo,Veracruz de Ignacio de la Llave,Chicontepec,"Cerca de Chalahuiapa, en el Ejido de Chalahuayapan",269,1348,23,['creamy white'],9.4,18.18,low,semi-warm,abundant
maíz raza olotillo,Chiapas,Venustiano Carranza,Colonia San Francisco,632,1120,25,['white'],10,18.9,low,semi-warm,abundant
maíz raza olotillo,Nayarit,Santa Maria del Oro,San José de Mojarras,901,1094,22,['white'],,,low,semi-warm,abundant
maíz raza olotillo,Oaxaca,Tataltepec de Valdes,Arroyo Arriba,541,1393,25,['white'],10,18.2,low,hot,very abundant
maíz raza olotillo,Oaxaca,Tataltepec de Valdes,Arroyo Arriba,541,1393,25,['white'],10,17.8,low,hot,very abundant
maíz raza olotillo,Puebla,Cuetzalan del Progreso,Tepetitán,347,2160,23,['creamy white'],11.2,19.1,low,semi-warm,very abundant
maíz raza olotillo,Chiapas,San Lucas,"San Lucas, Antes el Zapotal, Aledaño a los Ejidos San Lucas y el Zapotal",677,948,25,,,,low,semi-warm,abundant
maíz raza olotillo,Chiapas,San Lucas,"San Lucas, Antes el Zapotal, Aledaño a los Ejidos San Lucas y el Zapotal",677,948,25,,,,low,semi-warm,abundant
maíz raza olotillo,Chiapas,San Lucas,"San Lucas, Antes el Zapotal, Aledaño a los Ejidos San Lucas y el Zapotal",677,948,25,['dark blue'],,,low,semi-warm,abundant
maíz raza olotillo,San Luis Potosi,Tanquian de Escobedo,Buenavista,31,1129,24,['creamy white'],,,low,semi-warm,abundant
maíz raza olotillo,San Luis Potosi,Tanquian de Escobedo,Buenavista,31,1129,24,['orange-yellow'],,,low,semi-warm,abundant
maíz raza olotillo,Oaxaca,San Baltazar Loxicha,Santa Martha Loxicha,759,986,24,,9.9,16.175,low,semi-warm,abundant
maíz raza olotillo,Oaxaca,San Agustin Loxicha,Rio Grande,380,1030,25,['white'],10,15.45,low,semi-warm,abundant
maíz raza olotillo,Oaxaca,San Agustin Loxicha,Rio Grande,380,1030,25,['creamy white'],10.2,15.85,low,semi-warm,abundant
maíz raza olotillo,Oaxaca,San Agustin Loxicha,Rio Grande,380,1030,25,"['creamy white', 'light yellow']",9.8,15.13,low,semi-warm,abundant
maíz raza olotillo,Veracruz de Ignacio de la Llave,Catemaco,"La Candelaria, Carretera Catemaco-Juan Díaz Covarrubias",481,1730,23,['creamy white'],11.2,17.43,low,semi-warm,very abundant
maíz raza olotillo,Veracruz de Ignacio de la Llave,Catemaco,"La Candelaria, Carretera Catemaco-Juan Díaz Covarrubias",481,1730,23,['creamy white'],9.8,15.59,low,semi-warm,very abundant
maíz raza olotillo,Chiapas,Frontera Comalapa,"Villa de Guadalupe, al Interior de Terreno Ejidal; Junto a la Localidad Nicolás Bravo, Junto a Nicolás Bravo Cerca de Colonia Sinaloa",732,1355,24,['white'],,,low,semi-warm,abundant
maíz raza olotillo,Chiapas,Frontera Comalapa,"Villa de Guadalupe, al Interior de Terreno Ejidal; Junto a la Localidad Nicolás Bravo, Junto a Nicolás Bravo Cerca de Colonia Sinaloa",732,1355,24,['light yellow'],,,low,semi-warm,abundant
maíz raza olotillo,Guerrero,Copanatoyac,La Concepción,2026,1073,18,['light yellow'],9.2,18.2,high,temperate,abundant
maíz raza olotillo,Oaxaca,Santa Catarina Loxicha,Cerro Gigante,1051,929,23,['creamy white'],10.1,20.18,low,semi-warm,abundant
maíz raza olotillo,Guerrero,Atlixtac,Mesones,1881,956,19,['creamy white'],11.2,16.9,high,temperate,abundant
maíz raza olotillo,Veracruz de Ignacio de la Llave,Tatahuicapan de Juarez,"Tatahuicapan, Cabecera Municipal",113,1767,25,['dark red'],10.6,18.96,low,hot,very abundant
maíz raza olotillo,Oaxaca,Santa Catarina Loxicha,El Comején,1127,954,21,['white'],9.9,16.05,low,semi-warm,abundant
maíz raza olotillo,Oaxaca,Candelaria Loxicha,Santa María Tepexipana,688,1039,24,['creamy white'],9.4,17.96,low,semi-warm,abundant
maíz raza olotillo,Oaxaca,Candelaria Loxicha,Santa María Tepexipana,688,1039,24,"['creamy white', 'light yellow']",8.8,18.665,low,semi-warm,abundant
maíz raza olotillo,San Luis Potosi,Tampamolon Corona,Corona,98,1444,24,,,,low,semi-warm,very abundant
maíz raza olotillo,San Luis Potosi,Tampamolon Corona,Corona,98,1444,24,"['light yellow', 'red']",,,low,semi-warm,very abundant
maíz raza olotillo,San Luis Potosi,Tampamolon Corona,Corona,98,1444,24,,,,low,semi-warm,very abundant
maíz raza olotillo,San Luis Potosi,Tampamolon Corona,Corona,98,1444,24,['white'],12,17.7,low,semi-warm,very abundant
maíz raza olotillo,San Luis Potosi,San Martin Chalchicuautla,Zanja Honda,204,1520,24,"['white', 'yellow']",10,15,low,semi-warm,very abundant
maíz raza olotillo,San Luis Potosi,San Martin Chalchicuautla,Zanja Honda,204,1520,24,"['yellow', 'red-orange']",10,16,low,semi-warm,very abundant
maíz raza olotillo,Oaxaca,San Lucas Ojitlan,San José Lagunas,84,2243,25,['white'],12,22,low,semi-warm,very abundant
maíz raza olotillo,Guerrero,Atoyac de Alvarez,El Cocuyachi,540,1360,24,['creamy white'],10.8,19.2,low,semi-warm,very abundant
maíz raza olotillo,Veracruz de Ignacio de la Llave,Catemaco,"La Candelaria, Carretera Catemaco-Juan Díaz Covarrubias",475,1730,23,['creamy white'],11.8,17.27,low,semi-warm,very abundant
maíz raza olotillo,Veracruz de Ignacio de la Llave,Catemaco,"La Candelaria, Carretera Catemaco-Juan Díaz Covarrubias",475,1730,23,['creamy white'],10.4,17.01,low,semi-warm,very abundant
maíz raza olotillo,Veracruz de Ignacio de la Llave,Tantoyuca,La Lima,128,1174,24,['yellow'],9.2,19.2,low,semi-warm,abundant
maíz raza olotillo,Veracruz de Ignacio de la Llave,Tantoyuca,La Lima,128,1174,24,"['yellow', 'orange-yellow']",9.6,18.8,low,semi-warm,abundant
maíz raza olotillo,Oaxaca,San Bartolome Loxicha,Río Machete,1118,1028,21,,10.15,15.5,low,semi-warm,abundant
maíz raza olotillo,Oaxaca,San Bartolome Loxicha,Río Tejón,1024,988,23,,9.5,15.555,low,semi-warm,abundant
maíz raza olotillo,Guerrero,Atoyac de Alvarez,Santiago de la Unión,824,1582,23,['creamy white'],11.2,18.88,low,semi-warm,very abundant
maíz raza olotillo,Veracruz de Ignacio de la Llave,Catemaco,La Candelaria,459,1733,23,['light yellow'],,,low,semi-warm,very abundant
maíz raza olotillo,Chiapas,Amatenango del Valle,Amatenango del Valle,1817,1259,17,['light yellow'],,,high,cold,abundant
maíz raza olotillo,Chiapas,Amatenango del Valle,Amatenango del Valle,1817,1259,17,['white'],,,high,cold,abundant
maíz raza olotillo,Chiapas,Amatenango del Valle,Amatenango del Valle,1817,1259,17,['white'],,,high,cold,abundant
maíz raza olotillo,Chiapas,Amatenango del Valle,Amatenango del Valle,1817,1259,17,['white'],,,high,cold,abundant
maíz raza olotillo,Chiapas,Amatenango del Valle,Amatenango del Valle,1817,1259,17,['white'],,,high,cold,abundant
maíz raza olotillo,Oaxaca,San Baltazar Loxicha,El Ocote,969,930,23,['medium yellow'],9.9,21.375,low,semi-warm,abundant
maíz raza olotillo,Oaxaca,San Pedro Amuzgos,San Pedro Amuzgos,514,1539,26,['orange-yellow'],11,10.5,low,hot,very abundant
maíz raza olotillo,Oaxaca,San Pedro Amuzgos,San Pedro Amuzgos,514,1539,26,['white'],9.9,17.6,low,hot,very abundant
maíz raza olotillo,Oaxaca,San Pedro Amuzgos,San Pedro Amuzgos,514,1539,26,['dark blue'],9,18.1,low,hot,very abundant
maíz raza olotillo,Veracruz de Ignacio de la Llave,Hueyapan de Ocampo,Santa Rosa Cintepec,467,1705,23,['creamy white'],10,17.6,low,semi-warm,very abundant
maíz raza olotillo,Veracruz de Ignacio de la Llave,Hueyapan de Ocampo,"La Esperanza, Camino Santa Rosa Cintepec-Juan Díaz Cobarruvias",172,1556,25,['creamy white'],12.6,18.92,low,semi-warm,very abundant
maíz raza olotillo,Guerrero,Chilpancingo de los Bravo,Mazatlan,1273,1063,22,['orange-yellow'],10,16.7,medium altitude,semi-warm,abundant
maíz raza olotillo,Oaxaca,San Agustin Loxicha,"Magdalena Loxicha, Ladera del Cerro Aledaño",483,1031,25,['dark red'],10.6,14.92,low,semi-warm,abundant
maíz raza olotillo,Oaxaca,San Agustin Loxicha,"Magdalena Loxicha, Ladera del Cerro Aledaño",483,1031,25,"['white', 'light yellow']",10.16,16.04,low,semi-warm,abundant
maíz raza olotillo,Oaxaca,San Agustin Loxicha,"Magdalena Loxicha, Ladera del Cerro Aledaño",483,1031,25,['creamy white'],9.9,15.15,low,semi-warm,abundant
maíz raza olotillo,Oaxaca,Santa Catarina Loxicha,El Comején,1139,954,21,['medium yellow'],9.25,14.38,low,semi-warm,abundant
maíz raza olotillo,Oaxaca,San Bartolome Loxicha,La Chinilla,526,1022,24,['white'],9.9,16.99,low,semi-warm,abundant
maíz raza olotillo,Veracruz de Ignacio de la Llave,Benito Juarez,Cerca de Palma Real,336,1529,23,['creamy white'],9.4,16.27,low,semi-warm,very abundant
maíz raza olotillo,Puebla,Ayotoxco de Guerrero,Gachupinate,210,1938,24,['light yellow'],9.75,14.7,low,semi-warm,very abundant
maíz raza olotillo,Veracruz de Ignacio de la Llave,Catemaco,La Candelaria,493,1730,23,['creamy white'],9.6,14.66,low,semi-warm,very abundant
maíz raza olotillo,Veracruz de Ignacio de la Llave,Papantla,"Benito Juárez, Comunidad Benito Juárez",196,1631,23,"['creamy white', 'light yellow']",12,18.33,low,semi-warm,very abundant
maíz raza olotillo,Oaxaca,San Baltazar Loxicha,Llano Tezute,552,992,24,,9.7,18.35,low,semi-warm,abundant
maíz raza olotillo,Oaxaca,San Bartolome Loxicha,La Chinilla,576,1023,24,,8.8,16.425,low,semi-warm,abundant
maíz raza olotillo,Hidalgo,Actopan,"Huaxtho, el Tablón",2010,424,16,['creamy white'],10,18.62,high,cold,scarce
maíz raza olotillo,Oaxaca,San Bartolome Loxicha,Llano Arena,973,993,22,['white'],9.4,11.685,low,semi-warm,abundant
maíz raza olotillo,Veracruz de Ignacio de la Llave,Chicontepec,Cerca de Sesaltitla,276,1323,23,['creamy white'],9.4,16.27,low,semi-warm,abundant
maíz raza olotillo,Veracruz de Ignacio de la Llave,Benito Juarez,Tlatlapango Chico,318,1447,23,"['yellow', 'red-orange', 'yellow', 'red-orange']",10,17.8,low,semi-warm,very abundant
maíz raza olotillo,Oaxaca,Villa de Tututepec,Santa Cruz Tututepec,412,1295,26,['white'],10,20,low,hot,abundant
maíz raza olotillo,Oaxaca,Villa de Tututepec,Santa Cruz Tututepec,412,1295,26,['blue'],13,17.3,low,hot,abundant
maíz raza olotillo,Oaxaca,Villa de Tututepec,Santa Cruz Tututepec,412,1295,26,['light yellow'],12,20.9,low,hot,abundant
maíz raza olotillo,Oaxaca,Villa de Tututepec,Santa Cruz Tututepec,412,1295,26,['white'],9,18,low,hot,abundant
maíz raza olotillo,Oaxaca,Villa de Tututepec,Santa Cruz Tututepec,412,1295,26,['white'],10,18.4,low,hot,abundant
maíz raza olotillo,Hidalgo,Santiago de Anaya,"Hermosillo, Monte Noble (Hermosillo), Aledaño al Ejido y Amplación Hermosillo",2090,445,15,['creamy white'],12.8888888888889,16.9555555555556,high,cold,scarce
maíz raza olotillo,Oaxaca,Santa Maria Tonameca,San Antonio,23,1050,26,['white'],12,16.7,low,hot,abundant
maíz raza olotillo,Guerrero,Eduardo Neri,La Laguna,1945,1259,18,['creamy white'],10.8,19.4,high,temperate,abundant
maíz raza olotillo,Veracruz de Ignacio de la Llave,Benito Juarez,Cerca de Palma Real,347,1532,23,['creamy white'],9.2,15.68,low,semi-warm,very abundant
maíz raza olotillo,Oaxaca,Santa Catarina Loxicha,La Tixca,466,989,25,['white'],9.4,16.1,low,semi-warm,abundant
maíz raza olotillo,Oaxaca,Candelaria Loxicha,Barrio Coyote,186,1061,25,['light yellow'],10.7,16.125,low,hot,abundant
maíz raza olotillo,Veracruz de Ignacio de la Llave,San Andres Tuxtla,"Coyoltepec, Camino Ejidal Tilapan-Río Tuxtla",50,1402,25,['creamy white'],11.4,14.99,low,hot,very abundant
maíz raza olotillo,Oaxaca,San Bartolome Loxicha,La Chinilla,755,1037,22,['creamy white'],9.88,17.36,low,semi-warm,abundant
maíz raza olotillo,Veracruz de Ignacio de la Llave,Chicontepec,Tenexco,223,1339,23,['creamy white'],9,16.01,low,semi-warm,abundant
maíz raza olotillo,Chiapas,Ocozocoautla de Espinosa,El Paraje Ocozocoautla,826,964,23,['white'],,,low,semi-warm,abundant
maíz raza olotillo,Chiapas,Ocozocoautla de Espinosa,El Paraje Ocozocoautla,826,964,23,"['white', 'light yellow']",10,23,low,semi-warm,abundant
maíz raza olotillo,Chiapas,Ocozocoautla de Espinosa,Ocozocoautla de Espinosa,826,964,23,['white'],10,12.2,low,semi-warm,abundant
maíz raza olotillo,Chiapas,Ocozocoautla de Espinosa,Ocozocoautla de Espinosa,826,964,23,,,,low,semi-warm,abundant
maíz raza olotillo,Chiapas,Ocozocoautla de Espinosa,Ocozocoautla de Espinosa,826,964,23,['white'],,,low,semi-warm,abundant
maíz raza olotillo,Chiapas,Ocozocoautla de Espinosa,Ocozocoautla de Espinosa,826,964,23,['white'],,,low,semi-warm,abundant
maíz raza olotillo,Chiapas,Ocozocoautla de Espinosa,Ocozocoautla de Espinosa,826,964,23,['white'],10,16,low,semi-warm,abundant
maíz raza olotillo,Chiapas,Ocozocoautla de Espinosa,Ocozocoautla de Espinosa,826,964,23,['red'],,,low,semi-warm,abundant
maíz raza olotillo,Veracruz de Ignacio de la Llave,Ayahualulco,"Cetlalpan, Región Capital",1463,1786,18,['creamy white'],12,17.18,medium altitude,cold,very abundant
maíz raza olotillo,Oaxaca,Candelaria Loxicha,Barrio Coyote,160,1049,26,['creamy white'],9.8,16.7,low,hot,abundant
maíz raza olotillo,Chiapas,Venustiano Carranza,Venustiano Carranza,768,1115,24,['white'],11,14.2,low,semi-warm,abundant
maíz raza olotillo,Chiapas,Venustiano Carranza,Venustiano Carranza,768,1115,24,['white'],,,low,semi-warm,abundant
maíz raza olotillo,Chiapas,Venustiano Carranza,Venustiano Carranza,768,1115,24,['white'],12,15,low,semi-warm,abundant
maíz raza olotillo,Chiapas,Venustiano Carranza,Venustiano Carranza,768,1115,24,"['white', 'light yellow']",10,15.7,low,semi-warm,abundant
maíz raza olotillo,Chiapas,Venustiano Carranza,Venustiano Carranza,768,1115,24,"['white', 'light yellow']",10,17,low,semi-warm,abundant
maíz raza olotillo,Chiapas,Venustiano Carranza,Venustiano Carranza,768,1115,24,"['light yellow', 'dark blue']",,,low,semi-warm,abundant
maíz raza olotillo,Campeche,Calkini,Calkini,14,1141,26,"['white', 'light yellow']",10,15.4,low,hot,abundant
maíz raza olotillo,Chiapas,Villaflores,Villa Flores,559,1337,25,['white'],,,low,semi-warm,abundant
maíz raza olotillo,Chiapas,Venustiano Carranza,Aguacatenango,1741,1253,17,['white'],,,medium altitude,cold,abundant
maíz raza olotillo,Chiapas,Venustiano Carranza,Aguacatenango,1741,1253,17,['white'],,,medium altitude,cold,abundant
maíz raza olotillo,Chiapas,Venustiano Carranza,Aguacatenango,1741,1253,17,['white'],,,medium altitude,cold,abundant
maíz raza olotillo,Chiapas,Venustiano Carranza,Aguacatenango,1741,1253,17,['white'],,,medium altitude,cold,abundant
maíz raza olotillo,Chiapas,La Trinitaria,Victorico R. Grajales,1536,1376,18,['medium yellow'],10,14,medium altitude,temperate,very abundant
maíz raza olotillo,Chiapas,Venustiano Carranza,Aguacatenango,1741,1253,17,['light yellow'],,,medium altitude,cold,abundant
maíz raza olotillo,Chiapas,Venustiano Carranza,Aguacatenango,1741,1253,17,['white'],,,medium altitude,cold,abundant
maíz raza olotillo,Chiapas,Venustiano Carranza,Aguacatenango,1741,1253,17,['white'],,,medium altitude,cold,abundant
maíz raza olotillo,Chiapas,Venustiano Carranza,Aguacatenango,1741,1253,17,['white'],,,medium altitude,cold,abundant
maíz raza olotillo,Chiapas,Venustiano Carranza,Aguacatenango,1741,1253,17,['light yellow'],,,medium altitude,cold,abundant
maíz raza olotillo,Chiapas,Venustiano Carranza,Aguacatenango,1741,1253,17,['white'],,,medium altitude,cold,abundant
maíz raza olotillo,Chiapas,Venustiano Carranza,Aguacatenango,1741,1253,17,['white'],,,medium altitude,cold,abundant
maíz raza olotillo,Chiapas,Venustiano Carranza,Aguacatenango,1741,1253,17,['white'],,,medium altitude,cold,abundant
maíz raza olotillo,Chiapas,Venustiano Carranza,Aguacatenango,1741,1253,17,['light yellow'],,,medium altitude,cold,abundant
maíz raza olotillo,Chiapas,Venustiano Carranza,Aguacatenango,1741,1253,17,['white'],,,medium altitude,cold,abundant
maíz raza olotillo,Chiapas,Venustiano Carranza,Aguacatenango,1741,1253,17,['white'],,,medium altitude,cold,abundant
maíz raza olotillo,Chiapas,Venustiano Carranza,Aguacatenango,1741,1253,17,['light yellow'],,,medium altitude,cold,abundant
maíz raza olotillo,Chiapas,Venustiano Carranza,Aguacatenango,1741,1253,17,['white'],,,medium altitude,cold,abundant
maíz raza olotillo,Chiapas,Venustiano Carranza,Aguacatenango,1741,1253,17,['white'],,,medium altitude,cold,abundant
maíz raza olotillo,Chiapas,Venustiano Carranza,Aguacatenango,1741,1253,17,['white'],,,medium altitude,cold,abundant
maíz raza olotillo,Chiapas,Venustiano Carranza,Aguacatenango,1741,1253,17,,,,medium altitude,cold,abundant
maíz raza olotillo,Chiapas,Venustiano Carranza,Aguacatenango,1741,1253,17,['black'],,,medium altitude,cold,abundant
maíz raza olotillo,Chiapas,Venustiano Carranza,Aguacatenango,1741,1253,17,['white'],,,medium altitude,cold,abundant
maíz raza olotillo,Nuevo Leon,Montemorelos,Ejido San Agustín de los Arroyos,285,715,22,"['creamy white', 'light yellow']",12.64,16.916,low,semi-warm,intermediate
maíz raza olotillo,Veracruz de Ignacio de la Llave,Chalma,San Pedro Coyutla,186,1395,24,['yellow'],10.8,18,low,semi-warm,very abundant
maíz raza olotillo,Veracruz de Ignacio de la Llave,Chalma,San Pedro Coyutla,186,1395,24,['white'],10,14,low,semi-warm,very abundant
maíz raza olotillo,Veracruz de Ignacio de la Llave,Chalma,San Pedro Coyutla,186,1395,24,['white'],10,12,low,semi-warm,very abundant
maíz raza olotillo,Veracruz de Ignacio de la Llave,Chalma,San Pedro Coyutla,186,1395,24,['white'],10,12.5,low,semi-warm,very abundant
maíz raza olotillo,Veracruz de Ignacio de la Llave,Chalma,San Pedro Coyutla,186,1395,24,['yellow'],10.8,16.2,low,semi-warm,very abundant
maíz raza olotillo,Veracruz de Ignacio de la Llave,Chalma,San Pedro Coyutla,186,1395,24,"['yellow', 'yellow']",10,20,low,semi-warm,very abundant
maíz raza olotillo,Veracruz de Ignacio de la Llave,Catemaco,San Juan Seco de Valencia,463,1729,23,['creamy white'],9.8,16.28,low,semi-warm,very abundant
maíz raza olotillo,Veracruz de Ignacio de la Llave,Alamo Temapache,Cerca de Alfredo V. Bonfil,185,1292,23,['creamy white'],10.8,17.88,low,semi-warm,abundant
maíz raza olotillo,Veracruz de Ignacio de la Llave,Alamo Temapache,Cerca de Alfredo V. Bonfil,185,1292,23,['creamy white'],9.8,17.85,low,semi-warm,abundant
maíz raza olotillo,Veracruz de Ignacio de la Llave,Chiconamel,Chiconamel,169,1419,24,"['yellow', 'red-orange', 'yellow', 'red-orange']",10,19,low,semi-warm,very abundant
maíz raza olotillo,Veracruz de Ignacio de la Llave,Chiconamel,Chiconamel,169,1419,24,['yellow'],10,14,low,semi-warm,very abundant
maíz raza olotillo,Guerrero,Chilpancingo de los Bravo,Jaliaca de Catalan,770,1284,24,['creamy white'],12,16,low,semi-warm,abundant
maíz raza olotillo,Campeche,Hopelchen,Xmabén,139,1061,25,['white'],10.8,12.65,low,hot,abundant
maíz raza olotillo,Guerrero,Arcelia,El Nanche,415,1138,27,['white'],,,low,hot,abundant
maíz raza olotillo,,,,,1138,27,['orange-yellow'],16,8.5,high,hot,abundant
maíz raza olotillo,,,,,1138,27,['white'],14,14.3,high,hot,abundant
maíz raza olotillo,,,,,1138,27,"['white', 'red']",14,18,high,hot,abundant
maíz raza olotillo,,,,,1138,27,['light yellow'],12,18,high,hot,abundant
maíz raza olotillo,,,,,1138,27,['light yellow'],,,high,hot,abundant
maíz raza olotillo,,,,,1138,27,['orange'],8,18,high,hot,abundant
